-- phpMyAdmin SQL Dump
-- version 5.1.0
-- https://www.phpmyadmin.net/
--
-- Host: 127.0.0.1
-- Generation Time: Dec 03, 2024 at 10:54 AM
-- Server version: 10.4.19-MariaDB
-- PHP Version: 7.4.19

SET SQL_MODE = "NO_AUTO_VALUE_ON_ZERO";
START TRANSACTION;
SET time_zone = "+00:00";


/*!40101 SET @OLD_CHARACTER_SET_CLIENT=@@CHARACTER_SET_CLIENT */;
/*!40101 SET @OLD_CHARACTER_SET_RESULTS=@@CHARACTER_SET_RESULTS */;
/*!40101 SET @OLD_COLLATION_CONNECTION=@@COLLATION_CONNECTION */;
/*!40101 SET NAMES utf8mb4 */;

--
-- Database: `tokoberkah`
--

-- --------------------------------------------------------

--
-- Table structure for table `ci_sessions`
--

CREATE TABLE `ci_sessions` (
  `id` varchar(128) NOT NULL,
  `ip_address` varchar(45) NOT NULL,
  `timestamp` int(10) UNSIGNED NOT NULL DEFAULT 0,
  `data` blob NOT NULL
) ENGINE=InnoDB DEFAULT CHARSET=utf8mb4;

--
-- Dumping data for table `ci_sessions`
--

INSERT INTO `ci_sessions` (`id`, `ip_address`, `timestamp`, `data`) VALUES
('13gj3sr3b292tu3a0oqv5vft4qfvp2i3', '::1', 1719718505, 0x5f5f63695f6c6173745f726567656e65726174657c693a313731393731383530353b7265646972656374696f6e7c4e3b5f5f4143544956455f53455353494f4e5f444154417c733a3235363a223532643032623065643330393162373331323930653966376637663264663537333733616436326639313338623831623461666239333130626635376563626439366463343465626435383031613766393935303531353765373538663537633061346161343063396165303562633035663663316438646366643762396465325a762f304b4850486e5157472f6d546751504662633967696542542b2b6a6f6a51367a4c594651487564694f6a3768332b35315646725069344334564d43374e62583576752f4d672f5a5337676b504a7252736858725457326a7143472f49306f59786e4b4a544e55744e2b4c6f613050436a7374775274512f6b702f2f2f223b6f726465725f666c6173687c733a32363a224f7264657220626572686173696c20646974616d6261686b616e223b5f5f63695f766172737c613a313a7b733a31313a226f726465725f666c617368223b733a333a226f6c64223b7d),
('ui3a3lu2tk338r2degqmvv3td1nmbcs8', '::1', 1719718847, 0x5f5f63695f6c6173745f726567656e65726174657c693a313731393731383834373b7265646972656374696f6e7c4e3b5f5f4143544956455f53455353494f4e5f444154417c733a3235363a226563326533336561633934303638386530666466313531353731346434636465353533303963643862626534316135323664396363656630363332633738343739346135396131653464313966353664396537363064333038343664316534306266636533393965663865616232336339393136363639626263366263623937736257417747713472652f457261546c6d6d37384e62422b77697846574b507847556241527456394d41316a57504b5271494f5339615071524f477a753174306a614163425772706d4a57354d315159346f39743378533652754c4f4238566e4844636c78463261595271483569593767676871775846336c2b493132344f2f223b),
('8lm0fbu7rrqsslgae57cf5d82849kh8h', '::1', 1719719164, 0x5f5f63695f6c6173745f726567656e65726174657c693a313731393731393136343b7265646972656374696f6e7c4e3b5f5f4143544956455f53455353494f4e5f444154417c733a3235363a226563326533336561633934303638386530666466313531353731346434636465353533303963643862626534316135323664396363656630363332633738343739346135396131653464313966353664396537363064333038343664316534306266636533393965663865616232336339393136363639626263366263623937736257417747713472652f457261546c6d6d37384e62422b77697846574b507847556241527456394d41316a57504b5271494f5339615071524f477a753174306a614163425772706d4a57354d315159346f39743378533652754c4f4238566e4844636c78463261595271483569593767676871775846336c2b493132344f2f223b),
('fi9tilh356q11atovg1h7qjjucp4ktoa', '::1', 1719719575, 0x5f5f63695f6c6173745f726567656e65726174657c693a313731393731393537353b7265646972656374696f6e7c4e3b5f5f4143544956455f53455353494f4e5f444154417c733a3235363a226563326533336561633934303638386530666466313531353731346434636465353533303963643862626534316135323664396363656630363332633738343739346135396131653464313966353664396537363064333038343664316534306266636533393965663865616232336339393136363639626263366263623937736257417747713472652f457261546c6d6d37384e62422b77697846574b507847556241527456394d41316a57504b5271494f5339615071524f477a753174306a614163425772706d4a57354d315159346f39743378533652754c4f4238566e4844636c78463261595271483569593767676871775846336c2b493132344f2f223b),
('kprpam6499qlemru6ths4gom5s95aqil', '::1', 1719720284, 0x5f5f63695f6c6173745f726567656e65726174657c693a313731393732303238343b7265646972656374696f6e7c4e3b5f5f4143544956455f53455353494f4e5f444154417c733a3235363a226539303933333738653334346235363237623835623830346338366530386333373931356230336335363762333835333139353438326133353732656564333861636662663636303230356338306434663562393632333964646232313035333732346466643539646535336662656165383864363335376335386162343363647735686c522f354c6b4e3870764557396f6167756d70333674544f344a744a626e6471773470654b6c7564565a5a506e4135653030424470533943726c5a2f2f564151515633734346434769454858466d57764c6373334d6c4755355854656655507a36536d75556a4e524154556d62515073785447587571576d654a3067223b),
('lhqtu8q3ldhrc4npuqv0j0hc7tte0cpk', '::1', 1719720598, 0x5f5f63695f6c6173745f726567656e65726174657c693a313731393732303539383b7265646972656374696f6e7c4e3b5f5f4143544956455f53455353494f4e5f444154417c733a3235363a2266626631636236633235303461323330343138326130313530363430356163363464326163366438346564643833323430333364393266386331383364343962306264353332306539363032613635333138653561613137333161396231353962626565363162613133363165636239646565373162613561323831336535652f6e4f454a4c76526d475a6654754737547470533335685744586a785a78376a37396364546a48546e753079582f666f506b4d6742386e6d6574326836395568725951554c43586c647a573971497a4356534a76587a4a7162556a72676a4552306b4f6f45366975776a5373532f5a6733705968772b617a356c51306f325762223b),
('0moqkt2jc472qktu435k29d3gvb2m782', '::1', 1719720922, 0x5f5f63695f6c6173745f726567656e65726174657c693a313731393732303932323b7265646972656374696f6e7c4e3b5f5f4143544956455f53455353494f4e5f444154417c733a3235363a223739373438303964326263363566376636626338306231393365363561666637356161643739663136623931373538643739363734366665363831316563303135356433393864653132396439356333393465363331656134316362376363636331336535363964336430356234313837633362383434393138353964383131594c5a5142374a6178436a77544e63447a492f76314f4d5170644a5555532f7a496c67416e4a7067357844644634704e626a795331693755324175766256796b73746c75366a534c6572635148566935566448323563746545786a59566141623858354d685844354f464b6138616877635773564e63465163756b493065416e223b),
('7qj7uj0di9oprvqace6v6b52gp99b2ik', '::1', 1719721489, 0x5f5f63695f6c6173745f726567656e65726174657c693a313731393732313438393b7265646972656374696f6e7c4e3b5f5f4143544956455f53455353494f4e5f444154417c733a3235363a223739373438303964326263363566376636626338306231393365363561666637356161643739663136623931373538643739363734366665363831316563303135356433393864653132396439356333393465363331656134316362376363636331336535363964336430356234313837633362383434393138353964383131594c5a5142374a6178436a77544e63447a492f76314f4d5170644a5555532f7a496c67416e4a7067357844644634704e626a795331693755324175766256796b73746c75366a534c6572635148566935566448323563746545786a59566141623858354d685844354f464b6138616877635773564e63465163756b493065416e223b6f726465725f666c6173687c733a32363a2253746174757320626572686173696c2064697065726261727569223b5f5f63695f766172737c613a313a7b733a31313a226f726465725f666c617368223b733a333a226f6c64223b7d),
('372i1uop3dvk194td665g38mgebelp1n', '::1', 1719721978, 0x5f5f63695f6c6173745f726567656e65726174657c693a313731393732313937383b7265646972656374696f6e7c4e3b5f5f4143544956455f53455353494f4e5f444154417c733a3235363a223739373438303964326263363566376636626338306231393365363561666637356161643739663136623931373538643739363734366665363831316563303135356433393864653132396439356333393465363331656134316362376363636331336535363964336430356234313837633362383434393138353964383131594c5a5142374a6178436a77544e63447a492f76314f4d5170644a5555532f7a496c67416e4a7067357844644634704e626a795331693755324175766256796b73746c75366a534c6572635148566935566448323563746545786a59566141623858354d685844354f464b6138616877635773564e63465163756b493065416e223b),
('meo3l0tjvpfo4q9omsmq8bedlu5ncv2g', '::1', 1719722398, 0x5f5f63695f6c6173745f726567656e65726174657c693a313731393732323339383b7265646972656374696f6e7c4e3b5f5f4143544956455f53455353494f4e5f444154417c733a3235363a223739373438303964326263363566376636626338306231393365363561666637356161643739663136623931373538643739363734366665363831316563303135356433393864653132396439356333393465363331656134316362376363636331336535363964336430356234313837633362383434393138353964383131594c5a5142374a6178436a77544e63447a492f76314f4d5170644a5555532f7a496c67416e4a7067357844644634704e626a795331693755324175766256796b73746c75366a534c6572635148566935566448323563746545786a59566141623858354d685844354f464b6138616877635773564e63465163756b493065416e223b),
('9pr63h8ivb70s1a53ri5cv5i8if5v7ul', '::1', 1719722927, 0x5f5f63695f6c6173745f726567656e65726174657c693a313731393732323932373b7265646972656374696f6e7c4e3b5f5f4143544956455f53455353494f4e5f444154417c733a3235363a223739373438303964326263363566376636626338306231393365363561666637356161643739663136623931373538643739363734366665363831316563303135356433393864653132396439356333393465363331656134316362376363636331336535363964336430356234313837633362383434393138353964383131594c5a5142374a6178436a77544e63447a492f76314f4d5170644a5555532f7a496c67416e4a7067357844644634704e626a795331693755324175766256796b73746c75366a534c6572635148566935566448323563746545786a59566141623858354d685844354f464b6138616877635773564e63465163756b493065416e223b6f726465725f666c6173687c733a32363a2253746174757320626572686173696c2064697065726261727569223b5f5f63695f766172737c613a313a7b733a31313a226f726465725f666c617368223b733a333a226f6c64223b7d),
('kcj3k81oep7tfg0ufpm4vvhrfbf8vjss', '::1', 1719723385, 0x5f5f63695f6c6173745f726567656e65726174657c693a313731393732333338353b7265646972656374696f6e7c4e3b5f5f4143544956455f53455353494f4e5f444154417c733a3235363a223739373438303964326263363566376636626338306231393365363561666637356161643739663136623931373538643739363734366665363831316563303135356433393864653132396439356333393465363331656134316362376363636331336535363964336430356234313837633362383434393138353964383131594c5a5142374a6178436a77544e63447a492f76314f4d5170644a5555532f7a496c67416e4a7067357844644634704e626a795331693755324175766256796b73746c75366a534c6572635148566935566448323563746545786a59566141623858354d685844354f464b6138616877635773564e63465163756b493065416e223b),
('s3d2qfd3oir9tdsr3l10d7687v90dpgr', '::1', 1719724214, 0x5f5f63695f6c6173745f726567656e65726174657c693a313731393732343231343b7265646972656374696f6e7c4e3b5f5f4143544956455f53455353494f4e5f444154417c733a3235363a223739373438303964326263363566376636626338306231393365363561666637356161643739663136623931373538643739363734366665363831316563303135356433393864653132396439356333393465363331656134316362376363636331336535363964336430356234313837633362383434393138353964383131594c5a5142374a6178436a77544e63447a492f76314f4d5170644a5555532f7a496c67416e4a7067357844644634704e626a795331693755324175766256796b73746c75366a534c6572635148566935566448323563746545786a59566141623858354d685844354f464b6138616877635773564e63465163756b493065416e223b),
('bgoa87vpnsc1pue105slf3m5gu3gilr5', '::1', 1719724516, 0x5f5f63695f6c6173745f726567656e65726174657c693a313731393732343531363b7265646972656374696f6e7c4e3b5f5f4143544956455f53455353494f4e5f444154417c733a3235363a223739373438303964326263363566376636626338306231393365363561666637356161643739663136623931373538643739363734366665363831316563303135356433393864653132396439356333393465363331656134316362376363636331336535363964336430356234313837633362383434393138353964383131594c5a5142374a6178436a77544e63447a492f76314f4d5170644a5555532f7a496c67416e4a7067357844644634704e626a795331693755324175766256796b73746c75366a534c6572635148566935566448323563746545786a59566141623858354d685844354f464b6138616877635773564e63465163756b493065416e223b),
('aacfd2q85q0odhd329d4naj702dhag4r', '::1', 1719725038, 0x5f5f63695f6c6173745f726567656e65726174657c693a313731393732353033383b7265646972656374696f6e7c4e3b5f5f4143544956455f53455353494f4e5f444154417c733a3235363a223739373438303964326263363566376636626338306231393365363561666637356161643739663136623931373538643739363734366665363831316563303135356433393864653132396439356333393465363331656134316362376363636331336535363964336430356234313837633362383434393138353964383131594c5a5142374a6178436a77544e63447a492f76314f4d5170644a5555532f7a496c67416e4a7067357844644634704e626a795331693755324175766256796b73746c75366a534c6572635148566935566448323563746545786a59566141623858354d685844354f464b6138616877635773564e63465163756b493065416e223b),
('pv4t7srsfpl3bll505asdef2anla4ier', '::1', 1719725678, 0x5f5f63695f6c6173745f726567656e65726174657c693a313731393732353637383b7265646972656374696f6e7c4e3b5f5f4143544956455f53455353494f4e5f444154417c733a3235363a223739373438303964326263363566376636626338306231393365363561666637356161643739663136623931373538643739363734366665363831316563303135356433393864653132396439356333393465363331656134316362376363636331336535363964336430356234313837633362383434393138353964383131594c5a5142374a6178436a77544e63447a492f76314f4d5170644a5555532f7a496c67416e4a7067357844644634704e626a795331693755324175766256796b73746c75366a534c6572635148566935566448323563746545786a59566141623858354d685844354f464b6138616877635773564e63465163756b493065416e223b),
('6ntfiqjvlcgtt44l8cs4nousimsa583d', '::1', 1719726023, 0x5f5f63695f6c6173745f726567656e65726174657c693a313731393732363032333b7265646972656374696f6e7c4e3b5f5f4143544956455f53455353494f4e5f444154417c733a3235363a223739373438303964326263363566376636626338306231393365363561666637356161643739663136623931373538643739363734366665363831316563303135356433393864653132396439356333393465363331656134316362376363636331336535363964336430356234313837633362383434393138353964383131594c5a5142374a6178436a77544e63447a492f76314f4d5170644a5555532f7a496c67416e4a7067357844644634704e626a795331693755324175766256796b73746c75366a534c6572635148566935566448323563746545786a59566141623858354d685844354f464b6138616877635773564e63465163756b493065416e223b),
('msqor0p6lbfkp0pb97tg0cc9n6gd84nj', '::1', 1719726363, 0x5f5f63695f6c6173745f726567656e65726174657c693a313731393732363336333b7265646972656374696f6e7c4e3b5f5f4143544956455f53455353494f4e5f444154417c733a3235363a223739373438303964326263363566376636626338306231393365363561666637356161643739663136623931373538643739363734366665363831316563303135356433393864653132396439356333393465363331656134316362376363636331336535363964336430356234313837633362383434393138353964383131594c5a5142374a6178436a77544e63447a492f76314f4d5170644a5555532f7a496c67416e4a7067357844644634704e626a795331693755324175766256796b73746c75366a534c6572635148566935566448323563746545786a59566141623858354d685844354f464b6138616877635773564e63465163756b493065416e223b),
('r4pn08gfjftf17ipe64b5vdi3tq236hr', '::1', 1719726691, 0x5f5f63695f6c6173745f726567656e65726174657c693a313731393732363639313b7265646972656374696f6e7c4e3b5f5f4143544956455f53455353494f4e5f444154417c733a3235363a223739373438303964326263363566376636626338306231393365363561666637356161643739663136623931373538643739363734366665363831316563303135356433393864653132396439356333393465363331656134316362376363636331336535363964336430356234313837633362383434393138353964383131594c5a5142374a6178436a77544e63447a492f76314f4d5170644a5555532f7a496c67416e4a7067357844644634704e626a795331693755324175766256796b73746c75366a534c6572635148566935566448323563746545786a59566141623858354d685844354f464b6138616877635773564e63465163756b493065416e223b),
('k0b7plt33mh4qj3igm5roems5f3ledgo', '::1', 1719726997, 0x5f5f63695f6c6173745f726567656e65726174657c693a313731393732363939373b7265646972656374696f6e7c4e3b5f5f4143544956455f53455353494f4e5f444154417c733a3235363a2230643034383266343331643336303362393863333433633337386365383135386435343966613237353238396332666236343861386365383635343336393565366434633761346332356637396464366335383835633363666635303631653436626466343462303038656566653030343762383936383536623734656632365134456e4e543670576a75562f34624c63493761412b5269556f5a366f6f50366751796e6f473436687947374c57386c694873795a694e783476356b69344872306e6f59556d5a6f5938366f774a727a4c57356f4a677077434530386e647361686e474f3641446642636e69664178505641716e5959622f72394c4a44496a72223b),
('ht8lc5tpfepv3tqtnst5akh5qucf4243', '::1', 1719727352, 0x5f5f63695f6c6173745f726567656e65726174657c693a313731393732373335323b7265646972656374696f6e7c4e3b5f5f4143544956455f53455353494f4e5f444154417c733a3235363a223161313063653364343633353162393863346232336235653466613765386266383161336431373333653862656362613832643266353835666165326530326433646536306466396439346539626138663039346162653734663363376431343665306335356232316636393362336138363434626235623166396535373831446339364c2f4b683156634e5563505462676339704e6577544c7347763034306c46795a756347355077645372614e674e6375514e41363037394a74574d48624353737277474d71762f753272496d7664544d5239317648454c736c6862625351764a6a434351396758413777484833486d30364f5061734265654859757564223b),
('0jjto7ofeqvnnfkohc7a9eghdncosqs6', '::1', 1719727679, 0x5f5f63695f6c6173745f726567656e65726174657c693a313731393732373637393b7265646972656374696f6e7c4e3b5f5f4143544956455f53455353494f4e5f444154417c733a3235363a2237386565663631666538613666333266636532323738663030336236643463643238643034323837323039316533373235653937333965663062616630366537313230346631326365633930623731633230646130633961366538663930356539373130376238343863393435653836333536633561323138323538643237394c3546334b4958647a3131425635583170364e566f464839614d617a665756313367662f677065493056326d4863714649345a677a527061384144586550564c5a79747573774e5151473377416b464f6e6164514d66466e7a4f724c3231535a55696c614b796b54617431644a67696f3447446e485261375952354b2b674936223b),
('0ucdvp9ed605s94af4kg0u6gk9phfn30', '::1', 1719727987, 0x5f5f63695f6c6173745f726567656e65726174657c693a313731393732373938373b7265646972656374696f6e7c4e3b5f5f4143544956455f53455353494f4e5f444154417c733a3235363a2237386565663631666538613666333266636532323738663030336236643463643238643034323837323039316533373235653937333965663062616630366537313230346631326365633930623731633230646130633961366538663930356539373130376238343863393435653836333536633561323138323538643237394c3546334b4958647a3131425635583170364e566f464839614d617a665756313367662f677065493056326d4863714649345a677a527061384144586550564c5a79747573774e5151473377416b464f6e6164514d66466e7a4f724c3231535a55696c614b796b54617431644a67696f3447446e485261375952354b2b674936223b),
('o6cpgo7at758nruom7dula5dhqok2kl7', '::1', 1719728320, 0x5f5f63695f6c6173745f726567656e65726174657c693a313731393732383332303b7265646972656374696f6e7c4e3b5f5f4143544956455f53455353494f4e5f444154417c733a3235363a22666639623739396562636364366635326630656433376166396231353931663765323833616461653237636331616665323637323462323862363133653735373036616333613963303162663862353366656134636164376138656234303132373639333133303437316164623461626632653234303039303561326335653071364852426250664879397965376e785a4e55613344636242596a4d7a684b7858696e5137413558734b44514a56727862336e686c33785341697175314c4e69615433555351557a325730413459785a3772766c6c682f634c6a365751345135413734592f6c656b496e4d422f586b4f34556344504f4f554b306a5a33766e6c223b),
('2a3m5jquvoutelrua8if9uscoohiiuk0', '::1', 1719728680, 0x5f5f63695f6c6173745f726567656e65726174657c693a313731393732383638303b7265646972656374696f6e7c4e3b5f5f4143544956455f53455353494f4e5f444154417c733a3235363a2237626264356265346236353332366264623337613964303436313634373232316439333766303830396563366536366231353436336661633861623737626136343561656561313535316232303536623432633161363165323438366532343830343833383964366430336265636636646537623565396234373663383562664f416f5a58446277574b45637a34515a41636845476e316e4d426276567234756b4159694f674441557943414e4931613333724b41386372495a33463576506536656c506e2f4571454f645a3057424e34453679747659683734614c513672464631566c53323266376b48535451534b39787264587973784777362f71464457223b),
('mrodkkeu4ncp4s97nvcpmdjn0aref6du', '::1', 1719729079, 0x5f5f63695f6c6173745f726567656e65726174657c693a313731393732393037393b7265646972656374696f6e7c4e3b5f5f4143544956455f53455353494f4e5f444154417c733a3235363a2237626264356265346236353332366264623337613964303436313634373232316439333766303830396563366536366231353436336661633861623737626136343561656561313535316232303536623432633161363165323438366532343830343833383964366430336265636636646537623565396234373663383562664f416f5a58446277574b45637a34515a41636845476e316e4d426276567234756b4159694f674441557943414e4931613333724b41386372495a33463576506536656c506e2f4571454f645a3057424e34453679747659683734614c513672464631566c53323266376b48535451534b39787264587973784777362f71464457223b),
('9hkn67aa6gnje941ghlrfh9i9f2oou02', '::1', 1719730479, 0x5f5f63695f6c6173745f726567656e65726174657c693a313731393733303437393b7265646972656374696f6e7c4e3b5f5f4143544956455f53455353494f4e5f444154417c733a3235363a2237626264356265346236353332366264623337613964303436313634373232316439333766303830396563366536366231353436336661633861623737626136343561656561313535316232303536623432633161363165323438366532343830343833383964366430336265636636646537623565396234373663383562664f416f5a58446277574b45637a34515a41636845476e316e4d426276567234756b4159694f674441557943414e4931613333724b41386372495a33463576506536656c506e2f4571454f645a3057424e34453679747659683734614c513672464631566c53323266376b48535451534b39787264587973784777362f71464457223b),
('ug6tk4jk8bcr23t6b4p1m2iq1tjpr8av', '::1', 1719734142, 0x5f5f63695f6c6173745f726567656e65726174657c693a313731393733343134323b7265646972656374696f6e7c4e3b5f5f4143544956455f53455353494f4e5f444154417c733a3235363a2237626264356265346236353332366264623337613964303436313634373232316439333766303830396563366536366231353436336661633861623737626136343561656561313535316232303536623432633161363165323438366532343830343833383964366430336265636636646537623565396234373663383562664f416f5a58446277574b45637a34515a41636845476e316e4d426276567234756b4159694f674441557943414e4931613333724b41386372495a33463576506536656c506e2f4571454f645a3057424e34453679747659683734614c513672464631566c53323266376b48535451534b39787264587973784777362f71464457223b),
('k6jdsptgmjbl8can8mvtgejg3grn42td', '::1', 1719734489, 0x5f5f63695f6c6173745f726567656e65726174657c693a313731393733343438393b7265646972656374696f6e7c4e3b5f5f4143544956455f53455353494f4e5f444154417c733a3235363a223036356433656437303866616438623065356535616639333238363234366134623765343230636162386266616636376263616233623236636432353836353336343338636438383738393035613637323363383531363133613431343264616162383962336265646334316637613462383361616162316337666636653232305655355747364f454b61766b577769612f594c7972376e642f3033634c626e58593676736e2b7951362f446a5a643364536264315a422f6f56647355512f414d78596762326257305a47544d764c76796f354b6a56694552727961794f2b426e72374c324130543646426a4c5174314d50796c4f327077794f5165496b3134223b636172745f636f6e74656e74737c613a333a7b733a31303a22636172745f746f74616c223b643a35323030303b733a31313a22746f74616c5f6974656d73223b643a313b733a33323a226135373731626365393365323030633336663763643964666430653564656161223b613a363a7b733a323a226964223b733a323a223338223b733a333a22717479223b643a313b733a353a227072696365223b643a35323030303b733a343a226e616d65223b733a34323a22436f6f6c2054696d6520636f636f6e7574207761746572203335306d6c203120626f7820313220706373223b733a353a22726f776964223b733a33323a226135373731626365393365323030633336663763643964666430653564656161223b733a383a22737562746f74616c223b643a35323030303b7d7d),
('jeo6r28uohru17cqrdiksf5m3hlq1apd', '::1', 1719734644, 0x5f5f63695f6c6173745f726567656e65726174657c693a313731393733343438393b7265646972656374696f6e7c4e3b5f5f4143544956455f53455353494f4e5f444154417c733a3235363a223036356433656437303866616438623065356535616639333238363234366134623765343230636162386266616636376263616233623236636432353836353336343338636438383738393035613637323363383531363133613431343264616162383962336265646334316637613462383361616162316337666636653232305655355747364f454b61766b577769612f594c7972376e642f3033634c626e58593676736e2b7951362f446a5a643364536264315a422f6f56647355512f414d78596762326257305a47544d764c76796f354b6a56694552727961794f2b426e72374c324130543646426a4c5174314d50796c4f327077794f5165496b3134223b636172745f636f6e74656e74737c613a333a7b733a31303a22636172745f746f74616c223b643a35323030303b733a31313a22746f74616c5f6974656d73223b643a313b733a33323a226135373731626365393365323030633336663763643964666430653564656161223b613a363a7b733a323a226964223b733a323a223338223b733a333a22717479223b643a313b733a353a227072696365223b643a35323030303b733a343a226e616d65223b733a34323a22436f6f6c2054696d6520636f636f6e7574207761746572203335306d6c203120626f7820313220706373223b733a353a22726f776964223b733a33323a226135373731626365393365323030633336663763643964666430653564656161223b733a383a22737562746f74616c223b643a35323030303b7d7d),
('g6b7pbnem00rbl5pk4d4urlivurv9eun', '::1', 1719759124, 0x5f5f63695f6c6173745f726567656e65726174657c693a313731393735393132343b7265646972656374696f6e7c4e3b5f5f4143544956455f53455353494f4e5f444154417c733a3235363a2236353830613134393735613833333733636265313731353563636233356136376539656561393239636261666133626534643163623234313234336330636631366139333532373262316666653663613162636537386230333437636337623265393833326236396566653161363762653736343965656130636565653066626d584d55484f652f696a2f503864384f53393755632f75796b4937684e6a312f326252334c3230345975335462513450697879496a6e46496f7035464a524c426730674b65556a355349754b475145736141465262717a70364a467a4345397a745672356a5545726e7763414f6142676f71416c377a41502b6558524e425559223b6f726465725f666c6173687c733a32363a2253746174757320626572686173696c2064697065726261727569223b5f5f63695f766172737c613a313a7b733a31313a226f726465725f666c617368223b733a333a226f6c64223b7d),
('43vkl761b7s70609f342qe47uc1t9ja8', '::1', 1719761692, 0x5f5f63695f6c6173745f726567656e65726174657c693a313731393736313639323b7265646972656374696f6e7c4e3b5f5f4143544956455f53455353494f4e5f444154417c733a3235363a22393333666634373165393838643238333065386562303239393763323232343032636661303134363537373733653434313432363835393162666339366239623037646337393566616531343335393735636236356439663161656561383032313337643565356638383833356634633166643362343439613163353438643561726a676e6637424d7771772f456a664472685141726e52507563396e307571395062575572423566686939347243656b664f56414f634b4244495a69784355486d735a3143797552467768783835783077362f757a684c5278472b5859306c7564416e794753554f676f516c506a5965366d446b37622f6e4d493369304843223b),
('ju9vrblfudv134iqr0lkdh7t35rp89qu', '::1', 1719761097, 0x5f5f63695f6c6173745f726567656e65726174657c693a313731393736313039373b7265646972656374696f6e7c4e3b5f5f4143544956455f53455353494f4e5f444154417c733a3235363a223463366130363861646163336432363933666430396136333836323230623130623864366130393163623466643338383437643431363665303263636466336239323865316235363236373836323137353166356531633131336466376333383162353563393965623835616530326331613831623266373866323465663937586e34776e7755303251756371646e7a735a79397a595371705148666b334c3133304c384e4d435264756f4c324a62514d722f315057705972446843546a574e7a4353624734744c454c4a64366642747052564a6d524e6459303079785668572f593934514233465a31614c7079684f6b756e4c4f6a686349717770595a6a31223b),
('ju8078vculs4pn6iabps2au16mc6a28q', '::1', 1719762090, 0x5f5f63695f6c6173745f726567656e65726174657c693a313731393736323039303b7265646972656374696f6e7c4e3b5f5f4143544956455f53455353494f4e5f444154417c733a3235363a223463366130363861646163336432363933666430396136333836323230623130623864366130393163623466643338383437643431363665303263636466336239323865316235363236373836323137353166356531633131336466376333383162353563393965623835616530326331613831623266373866323465663937586e34776e7755303251756371646e7a735a79397a595371705148666b334c3133304c384e4d435264756f4c324a62514d722f315057705972446843546a574e7a4353624734744c454c4a64366642747052564a6d524e6459303079785668572f593934514233465a31614c7079684f6b756e4c4f6a686349717770595a6a31223b),
('7oapneu1kvuec4sajtpb1ltd8loa6qkb', '::1', 1719763208, 0x5f5f63695f6c6173745f726567656e65726174657c693a313731393736333230383b7265646972656374696f6e7c4e3b5f5f4143544956455f53455353494f4e5f444154417c733a3235363a2233643936353432376434336264356636333166643935326465666632373164656635393534623537333162366265626333313030386235373731366537613732613931313934636262386233663339653637656265323231353564653362636561656534333666346130373139663135633439646264366431323835633665364f554e31414156766244794674714f67656c4f536e33397a595149424d513049585639416d41393953526d41304579446b79622f3546306857446747436c352b5956707a374b5564594f6b536c526c324c363241545636492b30505543474268466b43424e6a6162623962446565735a626e44364b536778307469707233456a223b),
('nnbh17b401ruio8h0le9r004ptvao5rv', '::1', 1719762095, 0x5f5f63695f6c6173745f726567656e65726174657c693a313731393736323039303b7265646972656374696f6e7c4e3b5f5f4143544956455f53455353494f4e5f444154417c733a3235363a223463366130363861646163336432363933666430396136333836323230623130623864366130393163623466643338383437643431363665303263636466336239323865316235363236373836323137353166356531633131336466376333383162353563393965623835616530326331613831623266373866323465663937586e34776e7755303251756371646e7a735a79397a595371705148666b334c3133304c384e4d435264756f4c324a62514d722f315057705972446843546a574e7a4353624734744c454c4a64366642747052564a6d524e6459303079785668572f593934514233465a31614c7079684f6b756e4c4f6a686349717770595a6a31223b),
('v1a7lgq4eglmtd2cq1vhb5be3l54vkdb', '::1', 1719763533, 0x5f5f63695f6c6173745f726567656e65726174657c693a313731393736333533333b7265646972656374696f6e7c4e3b5f5f4143544956455f53455353494f4e5f444154417c733a3235363a2233643936353432376434336264356636333166643935326465666632373164656635393534623537333162366265626333313030386235373731366537613732613931313934636262386233663339653637656265323231353564653362636561656534333666346130373139663135633439646264366431323835633665364f554e31414156766244794674714f67656c4f536e33397a595149424d513049585639416d41393953526d41304579446b79622f3546306857446747436c352b5956707a374b5564594f6b536c526c324c363241545636492b30505543474268466b43424e6a6162623962446565735a626e44364b536778307469707233456a223b),
('tg1n37f32rcksfb6srmho9g3588baq14', '::1', 1719763859, 0x5f5f63695f6c6173745f726567656e65726174657c693a313731393736333835393b7265646972656374696f6e7c4e3b5f5f4143544956455f53455353494f4e5f444154417c733a3235363a2233643936353432376434336264356636333166643935326465666632373164656635393534623537333162366265626333313030386235373731366537613732613931313934636262386233663339653637656265323231353564653362636561656534333666346130373139663135633439646264366431323835633665364f554e31414156766244794674714f67656c4f536e33397a595149424d513049585639416d41393953526d41304579446b79622f3546306857446747436c352b5956707a374b5564594f6b536c526c324c363241545636492b30505543474268466b43424e6a6162623962446565735a626e44364b536778307469707233456a223b),
('1smjtoo7d6nlctehkoc3296f5gehidm1', '::1', 1719764164, 0x5f5f63695f6c6173745f726567656e65726174657c693a313731393736343136343b7265646972656374696f6e7c4e3b5f5f4143544956455f53455353494f4e5f444154417c733a3235363a2233643936353432376434336264356636333166643935326465666632373164656635393534623537333162366265626333313030386235373731366537613732613931313934636262386233663339653637656265323231353564653362636561656534333666346130373139663135633439646264366431323835633665364f554e31414156766244794674714f67656c4f536e33397a595149424d513049585639416d41393953526d41304579446b79622f3546306857446747436c352b5956707a374b5564594f6b536c526c324c363241545636492b30505543474268466b43424e6a6162623962446565735a626e44364b536778307469707233456a223b),
('5t8iupjlqgpr02b79g7rgr5oe2a0pej8', '::1', 1719764403, 0x5f5f63695f6c6173745f726567656e65726174657c693a313731393736343136343b7265646972656374696f6e7c4e3b5f5f4143544956455f53455353494f4e5f444154417c733a3235363a2233643936353432376434336264356636333166643935326465666632373164656635393534623537333162366265626333313030386235373731366537613732613931313934636262386233663339653637656265323231353564653362636561656534333666346130373139663135633439646264366431323835633665364f554e31414156766244794674714f67656c4f536e33397a595149424d513049585639416d41393953526d41304579446b79622f3546306857446747436c352b5956707a374b5564594f6b536c526c324c363241545636492b30505543474268466b43424e6a6162623962446565735a626e44364b536778307469707233456a223b),
('n646mkccc26rhnr64iovc639u4j898nl', '::1', 1719821685, 0x5f5f63695f6c6173745f726567656e65726174657c693a313731393832313638353b7265646972656374696f6e7c4e3b5f5f4143544956455f53455353494f4e5f444154417c733a3235363a2262613865336336666135313266613636663361663038663765313631346137663930346164366465333266363835383036653237316433666635333836333362396333356262383764393164366535393439623534376235643264633439666564323738363633623564633963353365633739643363333363313736323865326d4f77336f2f43783968594d684d42683354715939634c364a69466c44426f466f7872352f704f58615234672f48737743494c6f4b37464c4538732b42587768656f4e614244774e7046783844304c35347771436e5a34474176753130657a53454a6d455a72672b765966764d6456383775414a6b4b302b4f652b2f39383671223b),
('0p3odackdemq17sd5c27500qo4f8ms2m', '::1', 1719822994, 0x5f5f63695f6c6173745f726567656e65726174657c693a313731393832323939343b7265646972656374696f6e7c4e3b5f5f4143544956455f53455353494f4e5f444154417c733a3235363a2262613865336336666135313266613636663361663038663765313631346137663930346164366465333266363835383036653237316433666635333836333362396333356262383764393164366535393439623534376235643264633439666564323738363633623564633963353365633739643363333363313736323865326d4f77336f2f43783968594d684d42683354715939634c364a69466c44426f466f7872352f704f58615234672f48737743494c6f4b37464c4538732b42587768656f4e614244774e7046783844304c35347771436e5a34474176753130657a53454a6d455a72672b765966764d6456383775414a6b4b302b4f652b2f39383671223b),
('ivd5amdks4jkaljhcaicd8pn8ukt22d8', '::1', 1719826105, 0x5f5f63695f6c6173745f726567656e65726174657c693a313731393832363130353b7265646972656374696f6e7c4e3b5f5f4143544956455f53455353494f4e5f444154417c733a3235363a2262613865336336666135313266613636663361663038663765313631346137663930346164366465333266363835383036653237316433666635333836333362396333356262383764393164366535393439623534376235643264633439666564323738363633623564633963353365633739643363333363313736323865326d4f77336f2f43783968594d684d42683354715939634c364a69466c44426f466f7872352f704f58615234672f48737743494c6f4b37464c4538732b42587768656f4e614244774e7046783844304c35347771436e5a34474176753130657a53454a6d455a72672b765966764d6456383775414a6b4b302b4f652b2f39383671223b),
('8cq8qdt7vnq7gucrovqp28i8jf98qa16', '::1', 1719826410, 0x5f5f63695f6c6173745f726567656e65726174657c693a313731393832363431303b7265646972656374696f6e7c4e3b5f5f4143544956455f53455353494f4e5f444154417c733a3235363a223436336331386432663430623864656538343638323939393832383533306461653064396264366661363463616532616337376663303634633331633333356262623865613664326636366335316636663766383435643834303966386231303961613930373364333966376136306237663830343062393662303737323032355637733437502b2f5a3475586b724e4b6c43676348517a54484952637967794644536d6b6a686d542f636b44747961706932745a71412b314d436c644e637a484435483074794a656f54706a5058547955796e6e384d336734736e63446d676a3269794755334563587a65466154367772716763783266546a353841413932223b),
('ndf2mjk8khr7rf9qjdru1jcdd9vmplo1', '::1', 1719826758, 0x5f5f63695f6c6173745f726567656e65726174657c693a313731393832363735383b7265646972656374696f6e7c4e3b5f5f4143544956455f53455353494f4e5f444154417c733a3235363a223436336331386432663430623864656538343638323939393832383533306461653064396264366661363463616532616337376663303634633331633333356262623865613664326636366335316636663766383435643834303966386231303961613930373364333966376136306237663830343062393662303737323032355637733437502b2f5a3475586b724e4b6c43676348517a54484952637967794644536d6b6a686d542f636b44747961706932745a71412b314d436c644e637a484435483074794a656f54706a5058547955796e6e384d336734736e63446d676a3269794755334563587a65466154367772716763783266546a353841413932223b),
('e2r088khrhcod9vbpi95ju8nfc64f3a0', '::1', 1719827166, 0x5f5f63695f6c6173745f726567656e65726174657c693a313731393832373136363b7265646972656374696f6e7c4e3b5f5f4143544956455f53455353494f4e5f444154417c733a3235363a22333763336163313062346261363764376134316665376563316137346463313332643538633135343565636239313132396436343430663138393063396335393232306464313533363635646664386662616435363939386431363433303635656366316532613966306339643764643835623165313230666433343166653831574b706c77505451365378374e395a764c6930574f303964475a6d702b75526e5556764741704f6f6b4d4952464b326a452b30753443644a67796f3162457955654849735456376134524835634739414c41384644622b4638454169673664432f756a374a4a6d4564346b64654e6a2f4e706746436a496f31765739496f75223b),
('nhf4fmfa2ivsbkeq847p6jm2tfckc7eh', '::1', 1719827469, 0x5f5f63695f6c6173745f726567656e65726174657c693a313731393832373436393b7265646972656374696f6e7c4e3b5f5f4143544956455f53455353494f4e5f444154417c733a3235363a22376538323639646366623134616232623266326232343332323034323063303933383936623733623966326231613334386339363365333365626434393233656537313838326565396465623336373336396438363938323365613964393161373739636237343231623731373032306261623464653030346561613335326446696f6542756d5137413352552b4e764b4851496f456d4d39767a74356d6537594a3451594175664846793554487a46557342375241575746334177466e72574c69377154384d4c4c426e4c42686e6d2f3043717661456c7669766c41504c4a636655475736623643706b2f744b78526c6f37716c66736677574e6e6f653674223b),
('tp9mrt3nqp548kf3vqc9cl2u8ptib2u2', '::1', 1719827794, 0x5f5f63695f6c6173745f726567656e65726174657c693a313731393832373739343b7265646972656374696f6e7c4e3b5f5f4143544956455f53455353494f4e5f444154417c733a3235363a223132623739653466383534316236643133613635376238363062343363643264306661623062643661636139663761306333396663313866323239633237373930336533343964346663636237666164383265633237386537373436373533656631666661373765333866653632623466366435376464343865393835386434512b32546d584e5351374f577a456b5745636850794f31765146724a61575a7a436d5775664c3141695a4253794352374934564b38363050327138305a4876757a79476f61686d556e32324d70686b4c785369443074433579677451416d3263367349314f314362455950667374625356427651734651545254414536753068223b),
('5hjg7btat4t56oh35rkeloo02je6gafu', '::1', 1719828407, 0x5f5f63695f6c6173745f726567656e65726174657c693a313731393832383430373b7265646972656374696f6e7c4e3b5f5f4143544956455f53455353494f4e5f444154417c733a3235363a2233616339613066353336316531303535373061656136373965646132333532323030343465666234353434316363623666613433386635346662613966316432663631366634326430666364326361376565643831336331666639366262653736636537326337666566323335346334333365313932353734373865363836375558466e7265414772594e315834545569334f6334616765776c756c734937682f557955375848417a363074322f52684f4d327171616c6a43497168585277596c5771383571714e384f646561323852597a53636f6c4b664c74576f5059374757784c662f767a6a59476849495a734555456245434d7476422f655838635a4a223b),
('n6avp1lcio13n2290s1mjuqf7m2bm8bk', '::1', 1719828731, 0x5f5f63695f6c6173745f726567656e65726174657c693a313731393832383733313b7265646972656374696f6e7c4e3b5f5f4143544956455f53455353494f4e5f444154417c733a3235363a2233616339613066353336316531303535373061656136373965646132333532323030343465666234353434316363623666613433386635346662613966316432663631366634326430666364326361376565643831336331666639366262653736636537326337666566323335346334333365313932353734373865363836375558466e7265414772594e315834545569334f6334616765776c756c734937682f557955375848417a363074322f52684f4d327171616c6a43497168585277596c5771383571714e384f646561323852597a53636f6c4b664c74576f5059374757784c662f767a6a59476849495a734555456245434d7476422f655838635a4a223b),
('mkn6l7r3nj901dq3au63gdof8aurg626', '::1', 1719829035, 0x5f5f63695f6c6173745f726567656e65726174657c693a313731393832393033353b7265646972656374696f6e7c4e3b5f5f4143544956455f53455353494f4e5f444154417c733a3235363a2233616339613066353336316531303535373061656136373965646132333532323030343465666234353434316363623666613433386635346662613966316432663631366634326430666364326361376565643831336331666639366262653736636537326337666566323335346334333365313932353734373865363836375558466e7265414772594e315834545569334f6334616765776c756c734937682f557955375848417a363074322f52684f4d327171616c6a43497168585277596c5771383571714e384f646561323852597a53636f6c4b664c74576f5059374757784c662f767a6a59476849495a734555456245434d7476422f655838635a4a223b6f726465725f666c6173687c733a32363a2253746174757320626572686173696c2064697065726261727569223b5f5f63695f766172737c613a313a7b733a31313a226f726465725f666c617368223b733a333a226f6c64223b7d),
('bhmok1dbdf309en39or69afpb8oljmlo', '::1', 1719829404, 0x5f5f63695f6c6173745f726567656e65726174657c693a313731393832393430343b7265646972656374696f6e7c4e3b5f5f4143544956455f53455353494f4e5f444154417c733a3235363a2233616339613066353336316531303535373061656136373965646132333532323030343465666234353434316363623666613433386635346662613966316432663631366634326430666364326361376565643831336331666639366262653736636537326337666566323335346334333365313932353734373865363836375558466e7265414772594e315834545569334f6334616765776c756c734937682f557955375848417a363074322f52684f4d327171616c6a43497168585277596c5771383571714e384f646561323852597a53636f6c4b664c74576f5059374757784c662f767a6a59476849495a734555456245434d7476422f655838635a4a223b),
('td6j826q9div3funqo5ku0jjt9tq3g38', '::1', 1719829706, 0x5f5f63695f6c6173745f726567656e65726174657c693a313731393832393730363b7265646972656374696f6e7c4e3b5f5f4143544956455f53455353494f4e5f444154417c733a3235363a2233616339613066353336316531303535373061656136373965646132333532323030343465666234353434316363623666613433386635346662613966316432663631366634326430666364326361376565643831336331666639366262653736636537326337666566323335346334333365313932353734373865363836375558466e7265414772594e315834545569334f6334616765776c756c734937682f557955375848417a363074322f52684f4d327171616c6a43497168585277596c5771383571714e384f646561323852597a53636f6c4b664c74576f5059374757784c662f767a6a59476849495a734555456245434d7476422f655838635a4a223b6f726465725f666c6173687c733a32363a2253746174757320626572686173696c2064697065726261727569223b5f5f63695f766172737c613a313a7b733a31313a226f726465725f666c617368223b733a333a226f6c64223b7d),
('3pfhl7h9pja6rhb05kuigkbj19kfkt65', '::1', 1719830007, 0x5f5f63695f6c6173745f726567656e65726174657c693a313731393833303030373b7265646972656374696f6e7c4e3b5f5f4143544956455f53455353494f4e5f444154417c733a3235363a226262633035306530373161353766303831656430333737653763626235306562333936393632383830386139643631653638353038656538313935653933633632663265613030386662306232363861643531633234353161346463653335653963633063366365336663303231323264363636393939326637366331656562794864767443704c4b746b517650716d346c695a4b694558467a4f6167472f6f444d435a50616a474b2f397168444c684f427456516e41537468435838356a4941434f4b63677a6a7342454c644b733264494c566f67326c69396b5770324176506b506b444a412b324a4f44492f4b7572675771754a4e766d466e3441485156223b),
('nb3sr6tuq5hju2htqqpnf90nrf61fm4d', '::1', 1719830312, 0x5f5f63695f6c6173745f726567656e65726174657c693a313731393833303331323b7265646972656374696f6e7c4e3b5f5f4143544956455f53455353494f4e5f444154417c733a3235363a2232316664386133663966303961313362363933656561623832303435333430633066326165323034653464663262626337303139663730343865333435653835373032626663613064386138303138353436616665626133363265306238323635393166353131313439613338353232373835373963313031663232353465376441617a794a365246305971614857706c695a4f5a644b34347465516b50756f716d526f32712b647256723250773555616750496a32426648506b3042645844564531322b30355075734d2f497665354776613951464c374f453861695166336258676c475038325a343931563832342b3071546d6a71526549547064346551223b636172745f636f6e74656e74737c613a333a7b733a31303a22636172745f746f74616c223b643a32303030303b733a31313a22746f74616c5f6974656d73223b643a313b733a33323a223363353964633034386538383530323433626538303739613563373464303739223b613a363a7b733a323a226964223b733a323a223231223b733a333a22717479223b643a313b733a353a227072696365223b643a32303030303b733a343a226e616d65223b733a31373a224c65204d696e6572616c652047616c6f6e223b733a353a22726f776964223b733a33323a223363353964633034386538383530323433626538303739613563373464303739223b733a383a22737562746f74616c223b643a32303030303b7d7d6f726465725f7175616e746974797c613a313a7b693a32313b613a323a7b733a333a22717479223b643a313b733a353a227072696365223b643a32303030303b7d7d746f74616c5f70726963657c643a33353030303b),
('jdgsmfq1fk8dl7a0qrcikshe5mcc9a01', '::1', 1719830620, 0x5f5f63695f6c6173745f726567656e65726174657c693a313731393833303632303b7265646972656374696f6e7c4e3b5f5f4143544956455f53455353494f4e5f444154417c733a3235363a223934646262626662383736396665353966303664643533623063373238343962323466663161323635656364313337643036353133616466613734333531656264633238373265633932323962623632353835303031626332386565353730356334633465353337333438343661646662363865643230653331346438343230454e75466d316a744d726f374d517a70654b755032767676305769663164466d6163724a314d526b324d47447a6873337741306e39415178616b67356f6c72514e4a565276754e567837634c7a6b686b61387a35736c454378535172725767796347376258314d797a61636478793757386d65694e665368444245634b6c5375223b636172745f636f6e74656e74737c613a333a7b733a31303a22636172745f746f74616c223b643a32303030303b733a31313a22746f74616c5f6974656d73223b643a313b733a33323a223363353964633034386538383530323433626538303739613563373464303739223b613a363a7b733a323a226964223b733a323a223231223b733a333a22717479223b643a313b733a353a227072696365223b643a32303030303b733a343a226e616d65223b733a31373a224c65204d696e6572616c652047616c6f6e223b733a353a22726f776964223b733a33323a223363353964633034386538383530323433626538303739613563373464303739223b733a383a22737562746f74616c223b643a32303030303b7d7d),
('mtla7flj6i0vbjnnlvvf7uhemeee7pkq', '::1', 1719830921, 0x5f5f63695f6c6173745f726567656e65726174657c693a313731393833303932313b7265646972656374696f6e7c4e3b5f5f4143544956455f53455353494f4e5f444154417c733a3235363a22643631343439363637666434336233353963313631363032643638343630306539636463396533336265613334393233386164663266613237633636383662613331616533623439613030643362386230393166643437643130303438323033393939323164343361353834613166663761393462306639333263306632386478695867787a68416263535170376f342f42624e68667238697679696e785635397574507076305a3163764f38344d6e6c47426a6463755371436d3349337143486369564137486536427956395875434b35434f703235435163587a58754b354f35764d7a69537967354d626b3361672f4850787657364f2b776b344c543052223b),
('cot0pc4ltdihhiai8gbfi3c2044gvg28', '::1', 1719831231, 0x5f5f63695f6c6173745f726567656e65726174657c693a313731393833313233313b7265646972656374696f6e7c4e3b5f5f4143544956455f53455353494f4e5f444154417c733a3235363a22643631343439363637666434336233353963313631363032643638343630306539636463396533336265613334393233386164663266613237633636383662613331616533623439613030643362386230393166643437643130303438323033393939323164343361353834613166663761393462306639333263306632386478695867787a68416263535170376f342f42624e68667238697679696e785635397574507076305a3163764f38344d6e6c47426a6463755371436d3349337143486369564137486536427956395875434b35434f703235435163587a58754b354f35764d7a69537967354d626b3361672f4850787657364f2b776b344c543052223b),
('jurj5u36sabjtd8cknhg46egg4075h0f', '::1', 1719831572, 0x5f5f63695f6c6173745f726567656e65726174657c693a313731393833313537323b7265646972656374696f6e7c4e3b5f5f4143544956455f53455353494f4e5f444154417c733a3235363a2238646565646138313037663131396264333531626535353837626537336630326263323864616434633463646130663863303863666263336439653566623631383732636362366165306266306563353632633331363264353165623337383731653133623062373136323933633134326333366239386539636631303136302f504c5846524871785572506b6d4237717a37705a50537369484f494d474844705430496668674473346a5a6443514637376232726e2b2b4a54763041764378597a55726a5177493253306e3833382b524a5955324d6e734e726339686a3669533045564b6d2b454739315a514d563135626e466d79576a6c67476a6535367a223b),
('r33rhlbkg46rdt1ifb942rcnrdr42gpu', '::1', 1719831875, 0x5f5f63695f6c6173745f726567656e65726174657c693a313731393833313837353b7265646972656374696f6e7c4e3b5f5f4143544956455f53455353494f4e5f444154417c733a3235363a2238623136633738636563623835333561646338666437636137653838633432353666643065356462636161346630613433663436346661383939663732613865303636383863323064313962353437353931356566613330346337636364386638343963643839366338626161646539623438616161356538383362393233302b544c536477306f744630694b46556767446b413267794d6c41414d5562436178746e4f6a67514f3562654d2b757a43305a644f484533702f3356435665325a3770616c33662b6573314f58456574564939364e417745487142454b44594747386b6b6f3441624437797938516c74315658442b516c7053566b457763737772223b),
('r96avg4v3hgn1i3ic37g6097f0mr5osg', '::1', 1719832224, 0x5f5f63695f6c6173745f726567656e65726174657c693a313731393833323232343b7265646972656374696f6e7c4e3b5f5f4143544956455f53455353494f4e5f444154417c733a3235363a2234653439393234366333316334363630396634666533323731323034366135343436316665363838646536383861343165396262636130646638303533303635323739386366656232363235313361646335373864316566326634633065383838343238373162636631376537633130633130356566336439616434333965336e7678554839536e3146344f35784d7130684868675a73754256766a6a744f662b35387150594d4a32315a575247557176672b7367766d656548384d785178616d3147664b32687375636d7335437277684c63684950425972514f56776a32714758656d702f477035306d7746395255435a525932534a3959616c32424c6532223b),
('hrs22tv04cl4s4li5noggv9mt73698ud', '::1', 1719832623, 0x5f5f63695f6c6173745f726567656e65726174657c693a313731393833323632333b7265646972656374696f6e7c4e3b5f5f4143544956455f53455353494f4e5f444154417c733a3235363a2234653439393234366333316334363630396634666533323731323034366135343436316665363838646536383861343165396262636130646638303533303635323739386366656232363235313361646335373864316566326634633065383838343238373162636631376537633130633130356566336439616434333965336e7678554839536e3146344f35784d7130684868675a73754256766a6a744f662b35387150594d4a32315a575247557176672b7367766d656548384d785178616d3147664b32687375636d7335437277684c63684950425972514f56776a32714758656d702f477035306d7746395255435a525932534a3959616c32424c6532223b),
('o3ee10h1vdcqqfbnmpqma3g8e8f3jmuh', '::1', 1719832926, 0x5f5f63695f6c6173745f726567656e65726174657c693a313731393833323932363b7265646972656374696f6e7c4e3b5f5f4143544956455f53455353494f4e5f444154417c733a3235363a22326337623631313639313064323637356639363737663963313434343532343334623963386638353662313737313766303339613637643735323938396166316165383463363939386563373363653630303733656561323435353361326361393536616439313936626639383464633337623034613934323733363832376133306a7732564d664f6e326770302f61366379516d52665174304431356c4c4f454475716b4c4e6d515433366e535a76626c506874764e32302f35707432776164316748784f733347354e743732674b76475550695648696433374231583837616e39553131367646752f53497a506d4a343352346667714b4f59776b764b51223b);
INSERT INTO `ci_sessions` (`id`, `ip_address`, `timestamp`, `data`) VALUES
('ee1e0bko6jnp9lts1lllbb6197rmdq3c', '::1', 1719833228, 0x5f5f63695f6c6173745f726567656e65726174657c693a313731393833333232383b7265646972656374696f6e7c4e3b636172745f636f6e74656e74737c613a333a7b733a31303a22636172745f746f74616c223b643a3230303030303b733a31313a22746f74616c5f6974656d73223b643a31303b733a33323a223363353964633034386538383530323433626538303739613563373464303739223b613a363a7b733a323a226964223b733a323a223231223b733a333a22717479223b643a31303b733a353a227072696365223b643a32303030303b733a343a226e616d65223b733a31373a224c65204d696e6572616c652047616c6f6e223b733a353a22726f776964223b733a33323a223363353964633034386538383530323433626538303739613563373464303739223b733a383a22737562746f74616c223b643a3230303030303b7d7d6c6f67696e5f666c6173687c733a31363a22426572686173696c206c6f676f757421223b5f5f63695f766172737c613a313a7b733a31313a226c6f67696e5f666c617368223b733a333a226f6c64223b7d),
('u59il0eqaaa6tkbt67ibu2vk1iva6kc8', '::1', 1719833531, 0x5f5f63695f6c6173745f726567656e65726174657c693a313731393833333533313b7265646972656374696f6e7c4e3b5f5f4143544956455f53455353494f4e5f444154417c733a3235363a2230353464333166373934663235623332376430633535336635313762303461633637633963356336333032346237626335393731613930663130303234613830656336356464343561333035613363306135383435386533366566666136663965303930356136383733653536313733623035393933346164393036323432654335454b517a424e4b4444783247646d72735743556a6e6855757a754b71545877443337542f31325a6c47562f714a452f53616277616457726f794436714d71704b357a527a45684844346c503231352f572f6a4557536a6b70624147796559656246784c6448333370725a2b6472416b32764b3171694175642f6b33564a7a223b),
('fr7oufk35edp3sjieb9teibun01okr9b', '::1', 1719833836, 0x5f5f63695f6c6173745f726567656e65726174657c693a313731393833333833363b7265646972656374696f6e7c4e3b5f5f4143544956455f53455353494f4e5f444154417c733a3235363a223630333632666363643237316265323230393362383366346534656332656338326364376435623332663933646564303930336566316261303837316130383833383661303633306537626430653637643164613262356161646132336234343064356363663434336236623439613231663736363537373134613762633434775041654a776b536b41724e5852637032395a4a575379364e6f6d6951553952447456483479752b65635271666f724a696d6d6f4334666753327031684c4b6b42744d2f62666a6a4b526a535779543868494b4d6f595356716850583873744f655057486b4e6a68727138432b34343056414b617237706149417566446a4b64223b),
('ktt4qmtilc0o89db6g923lav1stvkvpu', '::1', 1719834412, 0x5f5f63695f6c6173745f726567656e65726174657c693a313731393833343431323b7265646972656374696f6e7c4e3b5f5f4143544956455f53455353494f4e5f444154417c733a3235363a223630333632666363643237316265323230393362383366346534656332656338326364376435623332663933646564303930336566316261303837316130383833383661303633306537626430653637643164613262356161646132336234343064356363663434336236623439613231663736363537373134613762633434775041654a776b536b41724e5852637032395a4a575379364e6f6d6951553952447456483479752b65635271666f724a696d6d6f4334666753327031684c4b6b42744d2f62666a6a4b526a535779543868494b4d6f595356716850583873744f655057486b4e6a68727138432b34343056414b617237706149417566446a4b64223b),
('qdh9nn2127kfvir3g2h4sfs8k7orpajh', '::1', 1719834784, 0x5f5f63695f6c6173745f726567656e65726174657c693a313731393833343738343b7265646972656374696f6e7c4e3b5f5f4143544956455f53455353494f4e5f444154417c733a3235363a2230353066663462613765666366386636346530353463313862326464326538316164373537306465366330373337623166626464623138326465363437343336323762623466623431663932353934386166613665303933353262303838373834373536643737363337323036363139323534313563363131666135643536334c6b713777374230306b512b376176516b6a4e7841745035534a3364574b49477336685a494c69455064354659437a786c5044683771716f306963514c664162326432486e6e517241794e7666526e62675943444c4830433246376d753237726b73486632534f4a6e477177726a38302f63345950686977467a784979556e4c223b636172745f636f6e74656e74737c613a333a7b733a31303a22636172745f746f74616c223b643a323032303030303b733a31313a22746f74616c5f6974656d73223b643a3130313b733a33323a223363353964633034386538383530323433626538303739613563373464303739223b613a363a7b733a323a226964223b733a323a223231223b733a333a22717479223b643a3130313b733a353a227072696365223b643a32303030303b733a343a226e616d65223b733a31373a224c65204d696e6572616c652047616c6f6e223b733a353a22726f776964223b733a33323a223363353964633034386538383530323433626538303739613563373464303739223b733a383a22737562746f74616c223b643a323032303030303b7d7d),
('m3v8ol5u60cjjr8tskui9mo5u9pj75bb', '::1', 1719839059, 0x5f5f63695f6c6173745f726567656e65726174657c693a313731393833393035393b7265646972656374696f6e7c4e3b5f5f4143544956455f53455353494f4e5f444154417c733a3235363a2230353066663462613765666366386636346530353463313862326464326538316164373537306465366330373337623166626464623138326465363437343336323762623466623431663932353934386166613665303933353262303838373834373536643737363337323036363139323534313563363131666135643536334c6b713777374230306b512b376176516b6a4e7841745035534a3364574b49477336685a494c69455064354659437a786c5044683771716f306963514c664162326432486e6e517241794e7666526e62675943444c4830433246376d753237726b73486632534f4a6e477177726a38302f63345950686977467a784979556e4c223b636172745f636f6e74656e74737c613a333a7b733a31303a22636172745f746f74616c223b643a323032303030303b733a31313a22746f74616c5f6974656d73223b643a3130313b733a33323a223363353964633034386538383530323433626538303739613563373464303739223b613a363a7b733a323a226964223b733a323a223231223b733a333a22717479223b643a3130313b733a353a227072696365223b643a32303030303b733a343a226e616d65223b733a31373a224c65204d696e6572616c652047616c6f6e223b733a353a22726f776964223b733a33323a223363353964633034386538383530323433626538303739613563373464303739223b733a383a22737562746f74616c223b643a323032303030303b7d7d),
('253kfv4ovr5prr2r5uribas15jlrr83e', '::1', 1719839688, 0x5f5f63695f6c6173745f726567656e65726174657c693a313731393833393638383b7265646972656374696f6e7c4e3b5f5f4143544956455f53455353494f4e5f444154417c733a3235363a226534653361366431656365353532616565323332343861623261353662393035616439343864663463306532353438626364386339613661333936666432333162613337646664333430353665623665616239373465643735656630623066323061613736353362613365306438346431646436356231646238616232303632462f78724a2b626b2f68484130687a4e634d376b315a64676a64664c495059742b4a6e37486f7977454935544261317358305834716338626e4670683639385654326c4b57744e2f745043617353796677484e526747384d793955434a58385238325257356346706a3465376a3858573247687138566a455a74766e4f494a61223b636172745f636f6e74656e74737c613a333a7b733a31303a22636172745f746f74616c223b643a323032303030303b733a31313a22746f74616c5f6974656d73223b643a3130313b733a33323a223363353964633034386538383530323433626538303739613563373464303739223b613a363a7b733a323a226964223b733a323a223231223b733a333a22717479223b643a3130313b733a353a227072696365223b643a32303030303b733a343a226e616d65223b733a31373a224c65204d696e6572616c652047616c6f6e223b733a353a22726f776964223b733a33323a223363353964633034386538383530323433626538303739613563373464303739223b733a383a22737562746f74616c223b643a323032303030303b7d7d),
('niaj7b5nu7trdd0hin65pkt2hefb30f5', '::1', 1719840137, 0x5f5f63695f6c6173745f726567656e65726174657c693a313731393834303133373b7265646972656374696f6e7c4e3b5f5f4143544956455f53455353494f4e5f444154417c733a3235363a226534653361366431656365353532616565323332343861623261353662393035616439343864663463306532353438626364386339613661333936666432333162613337646664333430353665623665616239373465643735656630623066323061613736353362613365306438346431646436356231646238616232303632462f78724a2b626b2f68484130687a4e634d376b315a64676a64664c495059742b4a6e37486f7977454935544261317358305834716338626e4670683639385654326c4b57744e2f745043617353796677484e526747384d793955434a58385238325257356346706a3465376a3858573247687138566a455a74766e4f494a61223b636172745f636f6e74656e74737c613a333a7b733a31303a22636172745f746f74616c223b643a323032303030303b733a31313a22746f74616c5f6974656d73223b643a3130313b733a33323a223363353964633034386538383530323433626538303739613563373464303739223b613a363a7b733a323a226964223b733a323a223231223b733a333a22717479223b643a3130313b733a353a227072696365223b643a32303030303b733a343a226e616d65223b733a31373a224c65204d696e6572616c652047616c6f6e223b733a353a22726f776964223b733a33323a223363353964633034386538383530323433626538303739613563373464303739223b733a383a22737562746f74616c223b643a323032303030303b7d7d),
('ia9u3ekm0mf5rjd7jn9l9ad2j1s9ies0', '::1', 1719840744, 0x5f5f63695f6c6173745f726567656e65726174657c693a313731393834303734343b7265646972656374696f6e7c4e3b5f5f4143544956455f53455353494f4e5f444154417c733a3235363a226534653361366431656365353532616565323332343861623261353662393035616439343864663463306532353438626364386339613661333936666432333162613337646664333430353665623665616239373465643735656630623066323061613736353362613365306438346431646436356231646238616232303632462f78724a2b626b2f68484130687a4e634d376b315a64676a64664c495059742b4a6e37486f7977454935544261317358305834716338626e4670683639385654326c4b57744e2f745043617353796677484e526747384d793955434a58385238325257356346706a3465376a3858573247687138566a455a74766e4f494a61223b636172745f636f6e74656e74737c613a333a7b733a31303a22636172745f746f74616c223b643a323032303030303b733a31313a22746f74616c5f6974656d73223b643a3130313b733a33323a223363353964633034386538383530323433626538303739613563373464303739223b613a363a7b733a323a226964223b733a323a223231223b733a333a22717479223b643a3130313b733a353a227072696365223b643a32303030303b733a343a226e616d65223b733a31373a224c65204d696e6572616c652047616c6f6e223b733a353a22726f776964223b733a33323a223363353964633034386538383530323433626538303739613563373464303739223b733a383a22737562746f74616c223b643a323032303030303b7d7d),
('tor45k0mrbp44ngfvgtbkf5474ugiqjr', '::1', 1719842089, 0x5f5f63695f6c6173745f726567656e65726174657c693a313731393834323038393b7265646972656374696f6e7c4e3b5f5f4143544956455f53455353494f4e5f444154417c733a3235363a226534653361366431656365353532616565323332343861623261353662393035616439343864663463306532353438626364386339613661333936666432333162613337646664333430353665623665616239373465643735656630623066323061613736353362613365306438346431646436356231646238616232303632462f78724a2b626b2f68484130687a4e634d376b315a64676a64664c495059742b4a6e37486f7977454935544261317358305834716338626e4670683639385654326c4b57744e2f745043617353796677484e526747384d793955434a58385238325257356346706a3465376a3858573247687138566a455a74766e4f494a61223b636172745f636f6e74656e74737c613a333a7b733a31303a22636172745f746f74616c223b643a323032303030303b733a31313a22746f74616c5f6974656d73223b643a3130313b733a33323a223363353964633034386538383530323433626538303739613563373464303739223b613a363a7b733a323a226964223b733a323a223231223b733a333a22717479223b643a3130313b733a353a227072696365223b643a32303030303b733a343a226e616d65223b733a31373a224c65204d696e6572616c652047616c6f6e223b733a353a22726f776964223b733a33323a223363353964633034386538383530323433626538303739613563373464303739223b733a383a22737562746f74616c223b643a323032303030303b7d7d),
('hbgtaodq5gjm1ms8iglauvvbh3btjasv', '::1', 1719842153, 0x5f5f63695f6c6173745f726567656e65726174657c693a313731393834323038393b7265646972656374696f6e7c4e3b5f5f4143544956455f53455353494f4e5f444154417c733a3235363a226534653361366431656365353532616565323332343861623261353662393035616439343864663463306532353438626364386339613661333936666432333162613337646664333430353665623665616239373465643735656630623066323061613736353362613365306438346431646436356231646238616232303632462f78724a2b626b2f68484130687a4e634d376b315a64676a64664c495059742b4a6e37486f7977454935544261317358305834716338626e4670683639385654326c4b57744e2f745043617353796677484e526747384d793955434a58385238325257356346706a3465376a3858573247687138566a455a74766e4f494a61223b636172745f636f6e74656e74737c613a333a7b733a31303a22636172745f746f74616c223b643a323032303030303b733a31313a22746f74616c5f6974656d73223b643a3130313b733a33323a223363353964633034386538383530323433626538303739613563373464303739223b613a363a7b733a323a226964223b733a323a223231223b733a333a22717479223b643a3130313b733a353a227072696365223b643a32303030303b733a343a226e616d65223b733a31373a224c65204d696e6572616c652047616c6f6e223b733a353a22726f776964223b733a33323a223363353964633034386538383530323433626538303739613563373464303739223b733a383a22737562746f74616c223b643a323032303030303b7d7d),
('5da3r0q7533d3kegi4l04oitqdup2r9r', '::1', 1719845486, 0x5f5f63695f6c6173745f726567656e65726174657c693a313731393834353438363b636172745f636f6e74656e74737c613a333a7b733a31303a22636172745f746f74616c223b643a32303030303b733a31313a22746f74616c5f6974656d73223b643a313b733a33323a223363353964633034386538383530323433626538303739613563373464303739223b613a363a7b733a323a226964223b733a323a223231223b733a333a22717479223b643a313b733a353a227072696365223b643a32303030303b733a343a226e616d65223b733a31373a224c65204d696e6572616c652047616c6f6e223b733a353a22726f776964223b733a33323a223363353964633034386538383530323433626538303739613563373464303739223b733a383a22737562746f74616c223b643a32303030303b7d7d5f74656d705f636f75706f6e7c733a303a22223b5f74656d705f7175616e746974797c613a313a7b733a33323a223363353964633034386538383530323433626538303739613563373464303739223b733a313a2231223b7d7265646972656374696f6e7c733a37363a226148523063446f764c327876593246736147397a6443393062327476596d56796132466f59574a685a476b766157356b5a586775634768774c334e6f623341765932686c593274766458513d223b),
('d65gkmi73ai7v7a1b8gsuief5i8hfvp7', '::1', 1719846408, 0x5f5f63695f6c6173745f726567656e65726174657c693a313731393834363430383b636172745f636f6e74656e74737c613a333a7b733a31303a22636172745f746f74616c223b643a32303030303b733a31313a22746f74616c5f6974656d73223b643a313b733a33323a223363353964633034386538383530323433626538303739613563373464303739223b613a363a7b733a323a226964223b733a323a223231223b733a333a22717479223b643a313b733a353a227072696365223b643a32303030303b733a343a226e616d65223b733a31373a224c65204d696e6572616c652047616c6f6e223b733a353a22726f776964223b733a33323a223363353964633034386538383530323433626538303739613563373464303739223b733a383a22737562746f74616c223b643a32303030303b7d7d5f74656d705f636f75706f6e7c733a303a22223b5f74656d705f7175616e746974797c613a313a7b733a33323a223363353964633034386538383530323433626538303739613563373464303739223b733a313a2231223b7d7265646972656374696f6e7c733a37363a226148523063446f764c327876593246736147397a6443393062327476596d56796132466f59574a685a476b766157356b5a586775634768774c334e6f623341765932686c593274766458513d223b),
('olheti3n7jq6hlqmebsmukbae4og0nso', '::1', 1719846413, 0x5f5f63695f6c6173745f726567656e65726174657c693a313731393834363430383b636172745f636f6e74656e74737c613a333a7b733a31303a22636172745f746f74616c223b643a32303030303b733a31313a22746f74616c5f6974656d73223b643a313b733a33323a223363353964633034386538383530323433626538303739613563373464303739223b613a363a7b733a323a226964223b733a323a223231223b733a333a22717479223b643a313b733a353a227072696365223b643a32303030303b733a343a226e616d65223b733a31373a224c65204d696e6572616c652047616c6f6e223b733a353a22726f776964223b733a33323a223363353964633034386538383530323433626538303739613563373464303739223b733a383a22737562746f74616c223b643a32303030303b7d7d5f74656d705f636f75706f6e7c733a303a22223b5f74656d705f7175616e746974797c613a313a7b733a33323a223363353964633034386538383530323433626538303739613563373464303739223b733a313a2231223b7d7265646972656374696f6e7c733a37363a226148523063446f764c327876593246736147397a6443393062327476596d56796132466f59574a685a476b766157356b5a586775634768774c334e6f623341765932686c593274766458513d223b),
('mke175achasmc4ql02hmi0rd9pk9p8ps', '::1', 1719890104, 0x5f5f63695f6c6173745f726567656e65726174657c693a313731393839303130343b7265646972656374696f6e7c4e3b5f5f4143544956455f53455353494f4e5f444154417c733a3235363a226231653735363935326631333865386438326232326234643666393762663564623662646138343764386262613836616365626664616232343635383161396633356136666664656633616637326539313463363438316362363133316536363637653861663336663366613939613832323236353531306566313930366136357376536c384a6e6a594764786147344e6362515863504475573348686c4e525a43334f4666487253733165615567576177775442596d776e51416d706a786944412f6b76665163734d4c6778576965492b4157564b4a75596b6f32736f747830374373385950426277645a555963676847417a4748504f37624a4e76335170223b),
('etepu9d7l2m1p1n3l1lt8ggn21mq2u2n', '::1', 1719890430, 0x5f5f63695f6c6173745f726567656e65726174657c693a313731393839303433303b7265646972656374696f6e7c4e3b),
('vjeri2tomueel33rf2lt2sl0j3tloumt', '::1', 1719890813, 0x5f5f63695f6c6173745f726567656e65726174657c693a313731393839303831333b7265646972656374696f6e7c4e3b5f5f4143544956455f53455353494f4e5f444154417c733a3235363a2263373761393532346536323539343534393065366330633433346632613137626565326466303563633237303264396266306161306335363538313537373333646437366632336430303736353534363961356138336465646135313861323862653434356430623965306265633639383036396563373635306330336261382f576c325153424b58683954434c617068795030775042756550614830396c797238635446622b48457a7546684a767a6d73483545356f4e6268467875596248785a36366f417471424c6f626e31724e6e776f494c544c456d42306c594d45455a744a454b505962456371666b54686c564f2b70676868547a424a514b373342223b),
('6tq2qqfp365tougacj7m5poqrpeg959d', '::1', 1719891611, 0x5f5f63695f6c6173745f726567656e65726174657c693a313731393839313631313b7265646972656374696f6e7c4e3b5f5f4143544956455f53455353494f4e5f444154417c733a3235363a2263373761393532346536323539343534393065366330633433346632613137626565326466303563633237303264396266306161306335363538313537373333646437366632336430303736353534363961356138336465646135313861323862653434356430623965306265633639383036396563373635306330336261382f576c325153424b58683954434c617068795030775042756550614830396c797238635446622b48457a7546684a767a6d73483545356f4e6268467875596248785a36366f417471424c6f626e31724e6e776f494c544c456d42306c594d45455a744a454b505962456371666b54686c564f2b70676868547a424a514b373342223b),
('dugmcqq0o7u260u7d109vsmp10eola3f', '::1', 1719891942, 0x5f5f63695f6c6173745f726567656e65726174657c693a313731393839313934323b7265646972656374696f6e7c4e3b5f5f4143544956455f53455353494f4e5f444154417c733a3235363a22613935393031303531633930383161366335356434363635653662326361363031353539363463393436363434393130386364353433383563316461323634613934393430623932353339363334363537393239653930333232626261653736356537366639633531613238616633366230336265353333653163663332663461625044794f4667662f6b694b63455035357243726478434354524d665378375666396d7176754d596f657954797a574c574b4e556d316f52565679447766393969357a516a7957313354374576424f6a416e50526b7136544171343655676a636e784d48362f7148434168476f6d6c41627934434f57615a3859497a4d4b46223b),
('pgtpuanvcn1qjjitmlu8i6hr2dc9kls3', '::1', 1719892202, 0x5f5f63695f6c6173745f726567656e65726174657c693a313731393839313934323b7265646972656374696f6e7c4e3b5f5f4143544956455f53455353494f4e5f444154417c733a3235363a22613935393031303531633930383161366335356434363635653662326361363031353539363463393436363434393130386364353433383563316461323634613934393430623932353339363334363537393239653930333232626261653736356537366639633531613238616633366230336265353333653163663332663461625044794f4667662f6b694b63455035357243726478434354524d665378375666396d7176754d596f657954797a574c574b4e556d316f52565679447766393969357a516a7957313354374576424f6a416e50526b7136544171343655676a636e784d48362f7148434168476f6d6c41627934434f57615a3859497a4d4b46223b),
('cq5asnbnklui8gh4iq1reoc2v0f2uk5a', '::1', 1719903578, 0x5f5f63695f6c6173745f726567656e65726174657c693a313731393930333537383b7265646972656374696f6e7c4e3b5f5f4143544956455f53455353494f4e5f444154417c733a3235363a226538323763326162373265353533633864373061346261396138383834643736393364663234396438656332323933303566623737666334326237646566356330613531313331333163366566393639636632613863646636653131646162316137636263363734373637323237366165643538336339393362646234353537614d4e6433707232684d697962426f7670767778523178694e524f7532337356325764574770552f4d5844694374414942594544723264724a6d6169704f5276335169715957497056783658654f664c4d42764c6b5878594a4c465171396f6a7779745052473666335a79743172564a38364e44776451454868332f5a4d4f39223b),
('95k0k1mhm7jupnb66geoencflopus94q', '::1', 1719904933, 0x5f5f63695f6c6173745f726567656e65726174657c693a313731393930343933333b7265646972656374696f6e7c4e3b5f5f4143544956455f53455353494f4e5f444154417c733a3235363a226538323763326162373265353533633864373061346261396138383834643736393364663234396438656332323933303566623737666334326237646566356330613531313331333163366566393639636632613863646636653131646162316137636263363734373637323237366165643538336339393362646234353537614d4e6433707232684d697962426f7670767778523178694e524f7532337356325764574770552f4d5844694374414942594544723264724a6d6169704f5276335169715957497056783658654f664c4d42764c6b5878594a4c465171396f6a7779745052473666335a79743172564a38364e44776451454868332f5a4d4f39223b),
('uav4ru6rq6ge73mh4ar07853ubqt3aqk', '::1', 1719905359, 0x5f5f63695f6c6173745f726567656e65726174657c693a313731393930353335393b7265646972656374696f6e7c4e3b5f5f4143544956455f53455353494f4e5f444154417c733a3235363a226538323763326162373265353533633864373061346261396138383834643736393364663234396438656332323933303566623737666334326237646566356330613531313331333163366566393639636632613863646636653131646162316137636263363734373637323237366165643538336339393362646234353537614d4e6433707232684d697962426f7670767778523178694e524f7532337356325764574770552f4d5844694374414942594544723264724a6d6169704f5276335169715957497056783658654f664c4d42764c6b5878594a4c465171396f6a7779745052473666335a79743172564a38364e44776451454868332f5a4d4f39223b),
('d58vprm8uk5mtts94qg92mteqp4rndbm', '::1', 1719907599, 0x5f5f63695f6c6173745f726567656e65726174657c693a313731393930373539393b7265646972656374696f6e7c4e3b5f5f4143544956455f53455353494f4e5f444154417c733a3235363a226538323763326162373265353533633864373061346261396138383834643736393364663234396438656332323933303566623737666334326237646566356330613531313331333163366566393639636632613863646636653131646162316137636263363734373637323237366165643538336339393362646234353537614d4e6433707232684d697962426f7670767778523178694e524f7532337356325764574770552f4d5844694374414942594544723264724a6d6169704f5276335169715957497056783658654f664c4d42764c6b5878594a4c465171396f6a7779745052473666335a79743172564a38364e44776451454868332f5a4d4f39223b),
('m9c8ktrd49m3sn4vre6svnfn2do180u8', '::1', 1719908879, 0x5f5f63695f6c6173745f726567656e65726174657c693a313731393930383837393b7265646972656374696f6e7c4e3b5f5f4143544956455f53455353494f4e5f444154417c733a3235363a226538323763326162373265353533633864373061346261396138383834643736393364663234396438656332323933303566623737666334326237646566356330613531313331333163366566393639636632613863646636653131646162316137636263363734373637323237366165643538336339393362646234353537614d4e6433707232684d697962426f7670767778523178694e524f7532337356325764574770552f4d5844694374414942594544723264724a6d6169704f5276335169715957497056783658654f664c4d42764c6b5878594a4c465171396f6a7779745052473666335a79743172564a38364e44776451454868332f5a4d4f39223b),
('lno1dmcvq76i32qhvi4e1meab6trvur1', '::1', 1719909277, 0x5f5f63695f6c6173745f726567656e65726174657c693a313731393930393237373b7265646972656374696f6e7c4e3b5f5f4143544956455f53455353494f4e5f444154417c733a3235363a226538323763326162373265353533633864373061346261396138383834643736393364663234396438656332323933303566623737666334326237646566356330613531313331333163366566393639636632613863646636653131646162316137636263363734373637323237366165643538336339393362646234353537614d4e6433707232684d697962426f7670767778523178694e524f7532337356325764574770552f4d5844694374414942594544723264724a6d6169704f5276335169715957497056783658654f664c4d42764c6b5878594a4c465171396f6a7779745052473666335a79743172564a38364e44776451454868332f5a4d4f39223b),
('gnh8rfce2j910n4phqgo6c04rv2dg1os', '::1', 1719909802, 0x5f5f63695f6c6173745f726567656e65726174657c693a313731393930393830323b7265646972656374696f6e7c4e3b5f5f4143544956455f53455353494f4e5f444154417c733a3235363a226538323763326162373265353533633864373061346261396138383834643736393364663234396438656332323933303566623737666334326237646566356330613531313331333163366566393639636632613863646636653131646162316137636263363734373637323237366165643538336339393362646234353537614d4e6433707232684d697962426f7670767778523178694e524f7532337356325764574770552f4d5844694374414942594544723264724a6d6169704f5276335169715957497056783658654f664c4d42764c6b5878594a4c465171396f6a7779745052473666335a79743172564a38364e44776451454868332f5a4d4f39223b),
('6cftlm3n0ihefmjm6nqbma1b1iur5eh7', '::1', 1719910193, 0x5f5f63695f6c6173745f726567656e65726174657c693a313731393931303139333b7265646972656374696f6e7c4e3b),
('hq3n16cop26iru4p1iqm1err3ieh6f62', '::1', 1719910710, 0x5f5f63695f6c6173745f726567656e65726174657c693a313731393931303731303b7265646972656374696f6e7c4e3b5f5f4143544956455f53455353494f4e5f444154417c733a3235363a2231333239326562323935313835303766663762646438663836663136343735313335656165383465626461643537633338633661363036646534336161356331363861316162633538616438613139613165373331383139653837363935373366393961636664623433376563343064666564643734383562616133313239325a6857534e323741417830726e6c644177546933797a6238515370676b7a62394c56362b68645972535548662b65356c62514b7a5a7a694775447377674d6e6f52512b4a325967756f6e4761635a454753374c786d333064664557676a7952476142514142557534454832754250442f4c5363536a724d67446a494d2b754f44223b6d6573736167657c733a36383a22506573616e2057686174734170702074656c61682064696b6972696d206b652073656d75612070656c616e6767616e2079616e672062656c756d206d656d62617961722e223b5f5f63695f766172737c613a313a7b733a373a226d657373616765223b733a333a226f6c64223b7d),
('62emu89ltp2i4ir1mn8an85ktfn476uf', '::1', 1719911157, 0x5f5f63695f6c6173745f726567656e65726174657c693a313731393931313135373b7265646972656374696f6e7c4e3b5f5f4143544956455f53455353494f4e5f444154417c733a3235363a2231333239326562323935313835303766663762646438663836663136343735313335656165383465626461643537633338633661363036646534336161356331363861316162633538616438613139613165373331383139653837363935373366393961636664623433376563343064666564643734383562616133313239325a6857534e323741417830726e6c644177546933797a6238515370676b7a62394c56362b68645972535548662b65356c62514b7a5a7a694775447377674d6e6f52512b4a325967756f6e4761635a454753374c786d333064664557676a7952476142514142557534454832754250442f4c5363536a724d67446a494d2b754f44223b),
('7v6mupu1ki1updmshs4809c45n5dje63', '::1', 1719911475, 0x5f5f63695f6c6173745f726567656e65726174657c693a313731393931313437353b7265646972656374696f6e7c4e3b5f5f4143544956455f53455353494f4e5f444154417c733a3235363a2231333239326562323935313835303766663762646438663836663136343735313335656165383465626461643537633338633661363036646534336161356331363861316162633538616438613139613165373331383139653837363935373366393961636664623433376563343064666564643734383562616133313239325a6857534e323741417830726e6c644177546933797a6238515370676b7a62394c56362b68645972535548662b65356c62514b7a5a7a694775447377674d6e6f52512b4a325967756f6e4761635a454753374c786d333064664557676a7952476142514142557534454832754250442f4c5363536a724d67446a494d2b754f44223b),
('9ff9n79r30pf8npf8vgdsfdo76hboqkp', '::1', 1719912185, 0x5f5f63695f6c6173745f726567656e65726174657c693a313731393931323138353b7265646972656374696f6e7c4e3b5f5f4143544956455f53455353494f4e5f444154417c733a3235363a2231333239326562323935313835303766663762646438663836663136343735313335656165383465626461643537633338633661363036646534336161356331363861316162633538616438613139613165373331383139653837363935373366393961636664623433376563343064666564643734383562616133313239325a6857534e323741417830726e6c644177546933797a6238515370676b7a62394c56362b68645972535548662b65356c62514b7a5a7a694775447377674d6e6f52512b4a325967756f6e4761635a454753374c786d333064664557676a7952476142514142557534454832754250442f4c5363536a724d67446a494d2b754f44223b6d6573736167657c733a36383a22506573616e2057686174734170702074656c61682064696b6972696d206b652073656d75612070656c616e6767616e2079616e672062656c756d206d656d62617961722e223b5f5f63695f766172737c613a313a7b733a373a226d657373616765223b733a333a226f6c64223b7d),
('qb57j3h6iuf34u2q147oj47gl9segqc1', '::1', 1719915790, 0x5f5f63695f6c6173745f726567656e65726174657c693a313731393931353739303b7265646972656374696f6e7c4e3b5f5f4143544956455f53455353494f4e5f444154417c733a3235363a2231333239326562323935313835303766663762646438663836663136343735313335656165383465626461643537633338633661363036646534336161356331363861316162633538616438613139613165373331383139653837363935373366393961636664623433376563343064666564643734383562616133313239325a6857534e323741417830726e6c644177546933797a6238515370676b7a62394c56362b68645972535548662b65356c62514b7a5a7a694775447377674d6e6f52512b4a325967756f6e4761635a454753374c786d333064664557676a7952476142514142557534454832754250442f4c5363536a724d67446a494d2b754f44223b6d6573736167657c733a36383a22506573616e2057686174734170702074656c61682064696b6972696d206b652073656d75612070656c616e6767616e2079616e672062656c756d206d656d62617961722e223b5f5f63695f766172737c613a313a7b733a373a226d657373616765223b733a333a226f6c64223b7d),
('du67o02r3a4sjo7nim0m64jfcpcea6ki', '::1', 1719921983, 0x5f5f63695f6c6173745f726567656e65726174657c693a313731393932313938333b7265646972656374696f6e7c4e3b5f5f4143544956455f53455353494f4e5f444154417c733a3235363a2231333239326562323935313835303766663762646438663836663136343735313335656165383465626461643537633338633661363036646534336161356331363861316162633538616438613139613165373331383139653837363935373366393961636664623433376563343064666564643734383562616133313239325a6857534e323741417830726e6c644177546933797a6238515370676b7a62394c56362b68645972535548662b65356c62514b7a5a7a694775447377674d6e6f52512b4a325967756f6e4761635a454753374c786d333064664557676a7952476142514142557534454832754250442f4c5363536a724d67446a494d2b754f44223b6d6573736167657c733a36383a22506573616e2057686174734170702074656c61682064696b6972696d206b652073656d75612070656c616e6767616e2079616e672062656c756d206d656d62617961722e223b5f5f63695f766172737c613a313a7b733a373a226d657373616765223b733a333a226f6c64223b7d),
('oup9bqafeuq4ll3aaf6kfusn6k5nt0co', '::1', 1719923259, 0x5f5f63695f6c6173745f726567656e65726174657c693a313731393932333235393b7265646972656374696f6e7c4e3b5f5f4143544956455f53455353494f4e5f444154417c733a3235363a2231333239326562323935313835303766663762646438663836663136343735313335656165383465626461643537633338633661363036646534336161356331363861316162633538616438613139613165373331383139653837363935373366393961636664623433376563343064666564643734383562616133313239325a6857534e323741417830726e6c644177546933797a6238515370676b7a62394c56362b68645972535548662b65356c62514b7a5a7a694775447377674d6e6f52512b4a325967756f6e4761635a454753374c786d333064664557676a7952476142514142557534454832754250442f4c5363536a724d67446a494d2b754f44223b6d6573736167657c733a36383a22506573616e2057686174734170702074656c61682064696b6972696d206b652073656d75612070656c616e6767616e2079616e672062656c756d206d656d62617961722e223b5f5f63695f766172737c613a313a7b733a373a226d657373616765223b733a333a226f6c64223b7d),
('8aqsp51b4p0hibp0qgd0d6qdgb8q1l83', '::1', 1719924325, 0x5f5f63695f6c6173745f726567656e65726174657c693a313731393932343332353b7265646972656374696f6e7c4e3b5f5f4143544956455f53455353494f4e5f444154417c733a3235363a2231333239326562323935313835303766663762646438663836663136343735313335656165383465626461643537633338633661363036646534336161356331363861316162633538616438613139613165373331383139653837363935373366393961636664623433376563343064666564643734383562616133313239325a6857534e323741417830726e6c644177546933797a6238515370676b7a62394c56362b68645972535548662b65356c62514b7a5a7a694775447377674d6e6f52512b4a325967756f6e4761635a454753374c786d333064664557676a7952476142514142557534454832754250442f4c5363536a724d67446a494d2b754f44223b),
('tqfkrmgipif2fk51cm4ceutllgsi5lja', '::1', 1719925105, 0x5f5f63695f6c6173745f726567656e65726174657c693a313731393932353130353b7265646972656374696f6e7c4e3b5f5f4143544956455f53455353494f4e5f444154417c733a3235363a2231333239326562323935313835303766663762646438663836663136343735313335656165383465626461643537633338633661363036646534336161356331363861316162633538616438613139613165373331383139653837363935373366393961636664623433376563343064666564643734383562616133313239325a6857534e323741417830726e6c644177546933797a6238515370676b7a62394c56362b68645972535548662b65356c62514b7a5a7a694775447377674d6e6f52512b4a325967756f6e4761635a454753374c786d333064664557676a7952476142514142557534454832754250442f4c5363536a724d67446a494d2b754f44223b),
('l9rnn20kngncn1h6mqq2af59dmqo75js', '::1', 1719925521, 0x5f5f63695f6c6173745f726567656e65726174657c693a313731393932353532313b7265646972656374696f6e7c4e3b5f5f4143544956455f53455353494f4e5f444154417c733a3235363a2231333239326562323935313835303766663762646438663836663136343735313335656165383465626461643537633338633661363036646534336161356331363861316162633538616438613139613165373331383139653837363935373366393961636664623433376563343064666564643734383562616133313239325a6857534e323741417830726e6c644177546933797a6238515370676b7a62394c56362b68645972535548662b65356c62514b7a5a7a694775447377674d6e6f52512b4a325967756f6e4761635a454753374c786d333064664557676a7952476142514142557534454832754250442f4c5363536a724d67446a494d2b754f44223b),
('mkl3osfra484g22vj40qo9kln87vc8ul', '::1', 1719926001, 0x5f5f63695f6c6173745f726567656e65726174657c693a313731393932363030313b7265646972656374696f6e7c4e3b5f5f4143544956455f53455353494f4e5f444154417c733a3235363a2231333239326562323935313835303766663762646438663836663136343735313335656165383465626461643537633338633661363036646534336161356331363861316162633538616438613139613165373331383139653837363935373366393961636664623433376563343064666564643734383562616133313239325a6857534e323741417830726e6c644177546933797a6238515370676b7a62394c56362b68645972535548662b65356c62514b7a5a7a694775447377674d6e6f52512b4a325967756f6e4761635a454753374c786d333064664557676a7952476142514142557534454832754250442f4c5363536a724d67446a494d2b754f44223b),
('a0klb0oeo89u93hgcqcqbg33dvglttc6', '::1', 1719926559, 0x5f5f63695f6c6173745f726567656e65726174657c693a313731393932363535393b7265646972656374696f6e7c4e3b5f5f4143544956455f53455353494f4e5f444154417c733a3235363a2231333239326562323935313835303766663762646438663836663136343735313335656165383465626461643537633338633661363036646534336161356331363861316162633538616438613139613165373331383139653837363935373366393961636664623433376563343064666564643734383562616133313239325a6857534e323741417830726e6c644177546933797a6238515370676b7a62394c56362b68645972535548662b65356c62514b7a5a7a694775447377674d6e6f52512b4a325967756f6e4761635a454753374c786d333064664557676a7952476142514142557534454832754250442f4c5363536a724d67446a494d2b754f44223b),
('cms5qpbpeqo90at36citrli9lgna2i1m', '::1', 1719927636, 0x5f5f63695f6c6173745f726567656e65726174657c693a313731393932373633363b7265646972656374696f6e7c4e3b5f5f4143544956455f53455353494f4e5f444154417c733a3235363a2231333239326562323935313835303766663762646438663836663136343735313335656165383465626461643537633338633661363036646534336161356331363861316162633538616438613139613165373331383139653837363935373366393961636664623433376563343064666564643734383562616133313239325a6857534e323741417830726e6c644177546933797a6238515370676b7a62394c56362b68645972535548662b65356c62514b7a5a7a694775447377674d6e6f52512b4a325967756f6e4761635a454753374c786d333064664557676a7952476142514142557534454832754250442f4c5363536a724d67446a494d2b754f44223b),
('3788q2almrr0106iqa3odtts3ddf7ffb', '::1', 1719927947, 0x5f5f63695f6c6173745f726567656e65726174657c693a313731393932373934373b7265646972656374696f6e7c4e3b5f5f4143544956455f53455353494f4e5f444154417c733a3235363a2231333239326562323935313835303766663762646438663836663136343735313335656165383465626461643537633338633661363036646534336161356331363861316162633538616438613139613165373331383139653837363935373366393961636664623433376563343064666564643734383562616133313239325a6857534e323741417830726e6c644177546933797a6238515370676b7a62394c56362b68645972535548662b65356c62514b7a5a7a694775447377674d6e6f52512b4a325967756f6e4761635a454753374c786d333064664557676a7952476142514142557534454832754250442f4c5363536a724d67446a494d2b754f44223b),
('4cqp27u1ucbr93mn7cbehf0pdj8sjti8', '::1', 1719928379, 0x5f5f63695f6c6173745f726567656e65726174657c693a313731393932383337393b7265646972656374696f6e7c4e3b5f5f4143544956455f53455353494f4e5f444154417c733a3235363a2231333239326562323935313835303766663762646438663836663136343735313335656165383465626461643537633338633661363036646534336161356331363861316162633538616438613139613165373331383139653837363935373366393961636664623433376563343064666564643734383562616133313239325a6857534e323741417830726e6c644177546933797a6238515370676b7a62394c56362b68645972535548662b65356c62514b7a5a7a694775447377674d6e6f52512b4a325967756f6e4761635a454753374c786d333064664557676a7952476142514142557534454832754250442f4c5363536a724d67446a494d2b754f44223b),
('epqfuv2ln1aljuu4tk0b0p8b03ee8at6', '::1', 1719928689, 0x5f5f63695f6c6173745f726567656e65726174657c693a313731393932383638393b7265646972656374696f6e7c4e3b5f5f4143544956455f53455353494f4e5f444154417c733a3235363a2231333239326562323935313835303766663762646438663836663136343735313335656165383465626461643537633338633661363036646534336161356331363861316162633538616438613139613165373331383139653837363935373366393961636664623433376563343064666564643734383562616133313239325a6857534e323741417830726e6c644177546933797a6238515370676b7a62394c56362b68645972535548662b65356c62514b7a5a7a694775447377674d6e6f52512b4a325967756f6e4761635a454753374c786d333064664557676a7952476142514142557534454832754250442f4c5363536a724d67446a494d2b754f44223b),
('etssq24th9ebp3cet19c5c69h6b5n6r1', '::1', 1719929019, 0x5f5f63695f6c6173745f726567656e65726174657c693a313731393932393031393b7265646972656374696f6e7c4e3b5f5f4143544956455f53455353494f4e5f444154417c733a3235363a2231333239326562323935313835303766663762646438663836663136343735313335656165383465626461643537633338633661363036646534336161356331363861316162633538616438613139613165373331383139653837363935373366393961636664623433376563343064666564643734383562616133313239325a6857534e323741417830726e6c644177546933797a6238515370676b7a62394c56362b68645972535548662b65356c62514b7a5a7a694775447377674d6e6f52512b4a325967756f6e4761635a454753374c786d333064664557676a7952476142514142557534454832754250442f4c5363536a724d67446a494d2b754f44223b),
('0ades7k6pc5ngpb06jemeoklln8i9bst', '::1', 1719929338, 0x5f5f63695f6c6173745f726567656e65726174657c693a313731393932393333383b7265646972656374696f6e7c4e3b5f5f4143544956455f53455353494f4e5f444154417c733a3235363a2231333239326562323935313835303766663762646438663836663136343735313335656165383465626461643537633338633661363036646534336161356331363861316162633538616438613139613165373331383139653837363935373366393961636664623433376563343064666564643734383562616133313239325a6857534e323741417830726e6c644177546933797a6238515370676b7a62394c56362b68645972535548662b65356c62514b7a5a7a694775447377674d6e6f52512b4a325967756f6e4761635a454753374c786d333064664557676a7952476142514142557534454832754250442f4c5363536a724d67446a494d2b754f44223b),
('a5vcr285qe8sral9m4srdlcg2rhqvfhf', '::1', 1719929640, 0x5f5f63695f6c6173745f726567656e65726174657c693a313731393932393634303b7265646972656374696f6e7c4e3b5f5f4143544956455f53455353494f4e5f444154417c733a3235363a2231333239326562323935313835303766663762646438663836663136343735313335656165383465626461643537633338633661363036646534336161356331363861316162633538616438613139613165373331383139653837363935373366393961636664623433376563343064666564643734383562616133313239325a6857534e323741417830726e6c644177546933797a6238515370676b7a62394c56362b68645972535548662b65356c62514b7a5a7a694775447377674d6e6f52512b4a325967756f6e4761635a454753374c786d333064664557676a7952476142514142557534454832754250442f4c5363536a724d67446a494d2b754f44223b),
('7d5n1ip0m19gj7jbmaktr7ieje95cn4f', '::1', 1719929958, 0x5f5f63695f6c6173745f726567656e65726174657c693a313731393932393935383b7265646972656374696f6e7c4e3b5f5f4143544956455f53455353494f4e5f444154417c733a3235363a2231333239326562323935313835303766663762646438663836663136343735313335656165383465626461643537633338633661363036646534336161356331363861316162633538616438613139613165373331383139653837363935373366393961636664623433376563343064666564643734383562616133313239325a6857534e323741417830726e6c644177546933797a6238515370676b7a62394c56362b68645972535548662b65356c62514b7a5a7a694775447377674d6e6f52512b4a325967756f6e4761635a454753374c786d333064664557676a7952476142514142557534454832754250442f4c5363536a724d67446a494d2b754f44223b),
('ofnv0ttg2e4dikeh3s96ksu4jtttbp35', '::1', 1719931095, 0x5f5f63695f6c6173745f726567656e65726174657c693a313731393933313039353b7265646972656374696f6e7c4e3b5f5f4143544956455f53455353494f4e5f444154417c733a3235363a2231333239326562323935313835303766663762646438663836663136343735313335656165383465626461643537633338633661363036646534336161356331363861316162633538616438613139613165373331383139653837363935373366393961636664623433376563343064666564643734383562616133313239325a6857534e323741417830726e6c644177546933797a6238515370676b7a62394c56362b68645972535548662b65356c62514b7a5a7a694775447377674d6e6f52512b4a325967756f6e4761635a454753374c786d333064664557676a7952476142514142557534454832754250442f4c5363536a724d67446a494d2b754f44223b),
('ufrvc1lf4fqdag6nik7n4iogq6uqerao', '::1', 1719931533, 0x5f5f63695f6c6173745f726567656e65726174657c693a313731393933313533333b7265646972656374696f6e7c4e3b5f5f4143544956455f53455353494f4e5f444154417c733a3235363a2231333239326562323935313835303766663762646438663836663136343735313335656165383465626461643537633338633661363036646534336161356331363861316162633538616438613139613165373331383139653837363935373366393961636664623433376563343064666564643734383562616133313239325a6857534e323741417830726e6c644177546933797a6238515370676b7a62394c56362b68645972535548662b65356c62514b7a5a7a694775447377674d6e6f52512b4a325967756f6e4761635a454753374c786d333064664557676a7952476142514142557534454832754250442f4c5363536a724d67446a494d2b754f44223b),
('s60qhtrcujop0qoaeorcbuts89mu8970', '::1', 1719931971, 0x5f5f63695f6c6173745f726567656e65726174657c693a313731393933313937313b7265646972656374696f6e7c4e3b5f5f4143544956455f53455353494f4e5f444154417c733a3235363a2231333239326562323935313835303766663762646438663836663136343735313335656165383465626461643537633338633661363036646534336161356331363861316162633538616438613139613165373331383139653837363935373366393961636664623433376563343064666564643734383562616133313239325a6857534e323741417830726e6c644177546933797a6238515370676b7a62394c56362b68645972535548662b65356c62514b7a5a7a694775447377674d6e6f52512b4a325967756f6e4761635a454753374c786d333064664557676a7952476142514142557534454832754250442f4c5363536a724d67446a494d2b754f44223b),
('vrghptvn4edm871g3eq0eka837sfqgr0', '::1', 1719932786, 0x5f5f63695f6c6173745f726567656e65726174657c693a313731393933323738363b7265646972656374696f6e7c4e3b5f5f4143544956455f53455353494f4e5f444154417c733a3235363a2231333239326562323935313835303766663762646438663836663136343735313335656165383465626461643537633338633661363036646534336161356331363861316162633538616438613139613165373331383139653837363935373366393961636664623433376563343064666564643734383562616133313239325a6857534e323741417830726e6c644177546933797a6238515370676b7a62394c56362b68645972535548662b65356c62514b7a5a7a694775447377674d6e6f52512b4a325967756f6e4761635a454753374c786d333064664557676a7952476142514142557534454832754250442f4c5363536a724d67446a494d2b754f44223b),
('36la2e3rfbm7e9tvifannqsom4ed841r', '::1', 1719933141, 0x5f5f63695f6c6173745f726567656e65726174657c693a313731393933333134313b7265646972656374696f6e7c4e3b5f5f4143544956455f53455353494f4e5f444154417c733a3235363a2231333239326562323935313835303766663762646438663836663136343735313335656165383465626461643537633338633661363036646534336161356331363861316162633538616438613139613165373331383139653837363935373366393961636664623433376563343064666564643734383562616133313239325a6857534e323741417830726e6c644177546933797a6238515370676b7a62394c56362b68645972535548662b65356c62514b7a5a7a694775447377674d6e6f52512b4a325967756f6e4761635a454753374c786d333064664557676a7952476142514142557534454832754250442f4c5363536a724d67446a494d2b754f44223b),
('8ol6v1ko8jj276a8s8ircqobu6snl8ca', '::1', 1719933637, 0x5f5f63695f6c6173745f726567656e65726174657c693a313731393933333633373b7265646972656374696f6e7c4e3b5f5f4143544956455f53455353494f4e5f444154417c733a3235363a2231333239326562323935313835303766663762646438663836663136343735313335656165383465626461643537633338633661363036646534336161356331363861316162633538616438613139613165373331383139653837363935373366393961636664623433376563343064666564643734383562616133313239325a6857534e323741417830726e6c644177546933797a6238515370676b7a62394c56362b68645972535548662b65356c62514b7a5a7a694775447377674d6e6f52512b4a325967756f6e4761635a454753374c786d333064664557676a7952476142514142557534454832754250442f4c5363536a724d67446a494d2b754f44223b),
('nqj8s9ncoond9hoilirnjduppi3mn2qe', '::1', 1719933944, 0x5f5f63695f6c6173745f726567656e65726174657c693a313731393933333934343b7265646972656374696f6e7c4e3b5f5f4143544956455f53455353494f4e5f444154417c733a3235363a226662633134373565313238633532363262663765356635333139663164333635373865316464323833326337653734316666643137343734633065383732653166373333626464326662346634383932653731623537643837616564393337333436613530383732343035373863653062303333663034346462626635343238796e72337458716264387343444c6148684b516c64586e545152414b6a734b69794544694970667349614e457438304957762f796c774f4d3435776f4e4778496b7043724f6e543968554e4e7374457857325669586c78434b4f52447746652f75414f4a6b6c70476b416b6462304854376a45414d437a6d772f30495a2f6477223b),
('2p36d1gnh0j7cesnfkguf9ltu8jd32rm', '::1', 1719934257, 0x5f5f63695f6c6173745f726567656e65726174657c693a313731393933343235373b7265646972656374696f6e7c4e3b5f5f4143544956455f53455353494f4e5f444154417c733a3235363a226662633134373565313238633532363262663765356635333139663164333635373865316464323833326337653734316666643137343734633065383732653166373333626464326662346634383932653731623537643837616564393337333436613530383732343035373863653062303333663034346462626635343238796e72337458716264387343444c6148684b516c64586e545152414b6a734b69794544694970667349614e457438304957762f796c774f4d3435776f4e4778496b7043724f6e543968554e4e7374457857325669586c78434b4f52447746652f75414f4a6b6c70476b416b6462304854376a45414d437a6d772f30495a2f6477223b),
('esbl1fpv01k8iine1kdgi1a3t2lavid1', '::1', 1719935362, 0x5f5f63695f6c6173745f726567656e65726174657c693a313731393933353336323b7265646972656374696f6e7c4e3b5f5f4143544956455f53455353494f4e5f444154417c733a3235363a226662633134373565313238633532363262663765356635333139663164333635373865316464323833326337653734316666643137343734633065383732653166373333626464326662346634383932653731623537643837616564393337333436613530383732343035373863653062303333663034346462626635343238796e72337458716264387343444c6148684b516c64586e545152414b6a734b69794544694970667349614e457438304957762f796c774f4d3435776f4e4778496b7043724f6e543968554e4e7374457857325669586c78434b4f52447746652f75414f4a6b6c70476b416b6462304854376a45414d437a6d772f30495a2f6477223b),
('51p72md1scsetqcsicsjpet9c2appo5u', '::1', 1719935665, 0x5f5f63695f6c6173745f726567656e65726174657c693a313731393933353636353b7265646972656374696f6e7c4e3b5f5f4143544956455f53455353494f4e5f444154417c733a3235363a226662633134373565313238633532363262663765356635333139663164333635373865316464323833326337653734316666643137343734633065383732653166373333626464326662346634383932653731623537643837616564393337333436613530383732343035373863653062303333663034346462626635343238796e72337458716264387343444c6148684b516c64586e545152414b6a734b69794544694970667349614e457438304957762f796c774f4d3435776f4e4778496b7043724f6e543968554e4e7374457857325669586c78434b4f52447746652f75414f4a6b6c70476b416b6462304854376a45414d437a6d772f30495a2f6477223b),
('hd2iad7ctpf0ig27gdcb3o9htbr7he1g', '::1', 1719936020, 0x5f5f63695f6c6173745f726567656e65726174657c693a313731393933363032303b7265646972656374696f6e7c4e3b5f5f4143544956455f53455353494f4e5f444154417c733a3235363a226662633134373565313238633532363262663765356635333139663164333635373865316464323833326337653734316666643137343734633065383732653166373333626464326662346634383932653731623537643837616564393337333436613530383732343035373863653062303333663034346462626635343238796e72337458716264387343444c6148684b516c64586e545152414b6a734b69794544694970667349614e457438304957762f796c774f4d3435776f4e4778496b7043724f6e543968554e4e7374457857325669586c78434b4f52447746652f75414f4a6b6c70476b416b6462304854376a45414d437a6d772f30495a2f6477223b),
('d1kcad8j425kblfs7jc3oub678oc45em', '::1', 1719936706, 0x5f5f63695f6c6173745f726567656e65726174657c693a313731393933363730363b7265646972656374696f6e7c4e3b5f5f4143544956455f53455353494f4e5f444154417c733a3235363a226662633134373565313238633532363262663765356635333139663164333635373865316464323833326337653734316666643137343734633065383732653166373333626464326662346634383932653731623537643837616564393337333436613530383732343035373863653062303333663034346462626635343238796e72337458716264387343444c6148684b516c64586e545152414b6a734b69794544694970667349614e457438304957762f796c774f4d3435776f4e4778496b7043724f6e543968554e4e7374457857325669586c78434b4f52447746652f75414f4a6b6c70476b416b6462304854376a45414d437a6d772f30495a2f6477223b),
('7dlbjisaub42ap955ungbgdhfatj9jon', '::1', 1719941437, 0x5f5f63695f6c6173745f726567656e65726174657c693a313731393934313433373b7265646972656374696f6e7c4e3b5f5f4143544956455f53455353494f4e5f444154417c733a3235363a226662633134373565313238633532363262663765356635333139663164333635373865316464323833326337653734316666643137343734633065383732653166373333626464326662346634383932653731623537643837616564393337333436613530383732343035373863653062303333663034346462626635343238796e72337458716264387343444c6148684b516c64586e545152414b6a734b69794544694970667349614e457438304957762f796c774f4d3435776f4e4778496b7043724f6e543968554e4e7374457857325669586c78434b4f52447746652f75414f4a6b6c70476b416b6462304854376a45414d437a6d772f30495a2f6477223b);
INSERT INTO `ci_sessions` (`id`, `ip_address`, `timestamp`, `data`) VALUES
('gkrq8qfhp2o8raor96cgfof8245ofpt2', '::1', 1719945121, 0x5f5f63695f6c6173745f726567656e65726174657c693a313731393934353132313b7265646972656374696f6e7c4e3b5f5f4143544956455f53455353494f4e5f444154417c733a3235363a226662633134373565313238633532363262663765356635333139663164333635373865316464323833326337653734316666643137343734633065383732653166373333626464326662346634383932653731623537643837616564393337333436613530383732343035373863653062303333663034346462626635343238796e72337458716264387343444c6148684b516c64586e545152414b6a734b69794544694970667349614e457438304957762f796c774f4d3435776f4e4778496b7043724f6e543968554e4e7374457857325669586c78434b4f52447746652f75414f4a6b6c70476b416b6462304854376a45414d437a6d772f30495a2f6477223b),
('tct49cd6c1vtt28ioghmmv15ivtcjkkk', '::1', 1719949474, 0x5f5f63695f6c6173745f726567656e65726174657c693a313731393934393437343b7265646972656374696f6e7c4e3b),
('crhss599ckui1lo32uk2v9ik0vovk6ln', '::1', 1719949474, 0x5f5f63695f6c6173745f726567656e65726174657c693a313731393934393437343b7265646972656374696f6e7c4e3b),
('1pke3b7s8bjb5b4jsujbfmlimuomc6ms', '::1', 1719974804, 0x5f5f63695f6c6173745f726567656e65726174657c693a313731393937343830343b5f5f4143544956455f53455353494f4e5f444154417c733a3235363a223739316232633761613934386436633131663230663531386134366438333435323735646634633261656436643161383535663164386135396161373663353930336631633863363531613165656165393933626334386534313735613662633666353637633638666633396339326637316236396134346235373164373864494a7332483832354a30646c766641794448386f335476776a724d4d4b632b514e557a6c765630682f6b3973746e77342f72472f2f7570656e6f46627a42596e67413644467045427a6b367a41675646566c354a6a655664574d4c6e67365478582f6b78424c5a4a423345586e61565a756d4f58303453724c364b6e44624c53223b),
('m8loldj2als5kiqsmd686bdl77sc3b1v', '::1', 1719975158, 0x5f5f63695f6c6173745f726567656e65726174657c693a313731393937353135383b7265646972656374696f6e7c4e3b),
('d64mhifisc364tulilbn3n904cdr9e68', '::1', 1719976326, 0x5f5f63695f6c6173745f726567656e65726174657c693a313731393937363332363b7265646972656374696f6e7c4e3b5f5f4143544956455f53455353494f4e5f444154417c733a3235363a226565333164373232356662383437653833316538636637353739666264616261346236663262643839333137363438303630613039363030353366336433623838663565353731363039306635353835393465346533393631613238376134646137336532333737393166356334653061306136386265346139303931353334657751684a59385233506b532b4348574f624d68644657484e61762b4873745a686b64624f447851315258303574636e6a6a435566426e496c494c3055434e4e464753364e446b37534d665257527072414554346a556872642b42426b524a712b4e7261764e59336b496d50715431646c4767696c5773424e464d52344c5930223b),
('n5ihige87rprcnrcg9kar0t3ue3pnblk', '::1', 1719977034, 0x5f5f63695f6c6173745f726567656e65726174657c693a313731393937373033343b7265646972656374696f6e7c4e3b5f5f4143544956455f53455353494f4e5f444154417c733a3235363a226565333164373232356662383437653833316538636637353739666264616261346236663262643839333137363438303630613039363030353366336433623838663565353731363039306635353835393465346533393631613238376134646137336532333737393166356334653061306136386265346139303931353334657751684a59385233506b532b4348574f624d68644657484e61762b4873745a686b64624f447851315258303574636e6a6a435566426e496c494c3055434e4e464753364e446b37534d665257527072414554346a556872642b42426b524a712b4e7261764e59336b496d50715431646c4767696c5773424e464d52344c5930223b),
('ga2gctspcgepceverssvj9nt1ei952ah', '::1', 1719977341, 0x5f5f63695f6c6173745f726567656e65726174657c693a313731393937373334313b7265646972656374696f6e7c4e3b5f5f4143544956455f53455353494f4e5f444154417c733a3235363a226565333164373232356662383437653833316538636637353739666264616261346236663262643839333137363438303630613039363030353366336433623838663565353731363039306635353835393465346533393631613238376134646137336532333737393166356334653061306136386265346139303931353334657751684a59385233506b532b4348574f624d68644657484e61762b4873745a686b64624f447851315258303574636e6a6a435566426e496c494c3055434e4e464753364e446b37534d665257527072414554346a556872642b42426b524a712b4e7261764e59336b496d50715431646c4767696c5773424e464d52344c5930223b),
('beu4tf5uv5s62tufgtm4evfvf4lgpo9l', '::1', 1719977703, 0x5f5f63695f6c6173745f726567656e65726174657c693a313731393937373730333b7265646972656374696f6e7c4e3b5f5f4143544956455f53455353494f4e5f444154417c733a3235363a226565333164373232356662383437653833316538636637353739666264616261346236663262643839333137363438303630613039363030353366336433623838663565353731363039306635353835393465346533393631613238376134646137336532333737393166356334653061306136386265346139303931353334657751684a59385233506b532b4348574f624d68644657484e61762b4873745a686b64624f447851315258303574636e6a6a435566426e496c494c3055434e4e464753364e446b37534d665257527072414554346a556872642b42426b524a712b4e7261764e59336b496d50715431646c4767696c5773424e464d52344c5930223b),
('is854jlfvhhl3lca6db8cqv4ngkihkjs', '::1', 1719978052, 0x5f5f63695f6c6173745f726567656e65726174657c693a313731393937383035323b7265646972656374696f6e7c4e3b5f5f4143544956455f53455353494f4e5f444154417c733a3235363a226565333164373232356662383437653833316538636637353739666264616261346236663262643839333137363438303630613039363030353366336433623838663565353731363039306635353835393465346533393631613238376134646137336532333737393166356334653061306136386265346139303931353334657751684a59385233506b532b4348574f624d68644657484e61762b4873745a686b64624f447851315258303574636e6a6a435566426e496c494c3055434e4e464753364e446b37534d665257527072414554346a556872642b42426b524a712b4e7261764e59336b496d50715431646c4767696c5773424e464d52344c5930223b),
('gt579l7afqub7p84utm2507iouo39av5', '::1', 1719978425, 0x5f5f63695f6c6173745f726567656e65726174657c693a313731393937383432353b7265646972656374696f6e7c4e3b5f5f4143544956455f53455353494f4e5f444154417c733a3235363a226565333164373232356662383437653833316538636637353739666264616261346236663262643839333137363438303630613039363030353366336433623838663565353731363039306635353835393465346533393631613238376134646137336532333737393166356334653061306136386265346139303931353334657751684a59385233506b532b4348574f624d68644657484e61762b4873745a686b64624f447851315258303574636e6a6a435566426e496c494c3055434e4e464753364e446b37534d665257527072414554346a556872642b42426b524a712b4e7261764e59336b496d50715431646c4767696c5773424e464d52344c5930223b),
('bca0mpu3250tphqteicu3535fguaf466', '::1', 1719978821, 0x5f5f63695f6c6173745f726567656e65726174657c693a313731393937383832313b7265646972656374696f6e7c4e3b5f5f4143544956455f53455353494f4e5f444154417c733a3235363a226565333164373232356662383437653833316538636637353739666264616261346236663262643839333137363438303630613039363030353366336433623838663565353731363039306635353835393465346533393631613238376134646137336532333737393166356334653061306136386265346139303931353334657751684a59385233506b532b4348574f624d68644657484e61762b4873745a686b64624f447851315258303574636e6a6a435566426e496c494c3055434e4e464753364e446b37534d665257527072414554346a556872642b42426b524a712b4e7261764e59336b496d50715431646c4767696c5773424e464d52344c5930223b),
('37o4nlbardbct5nm104gs2n073bbvo99', '::1', 1719980317, 0x5f5f63695f6c6173745f726567656e65726174657c693a313731393938303331373b7265646972656374696f6e7c4e3b5f5f4143544956455f53455353494f4e5f444154417c733a3235363a226565333164373232356662383437653833316538636637353739666264616261346236663262643839333137363438303630613039363030353366336433623838663565353731363039306635353835393465346533393631613238376134646137336532333737393166356334653061306136386265346139303931353334657751684a59385233506b532b4348574f624d68644657484e61762b4873745a686b64624f447851315258303574636e6a6a435566426e496c494c3055434e4e464753364e446b37534d665257527072414554346a556872642b42426b524a712b4e7261764e59336b496d50715431646c4767696c5773424e464d52344c5930223b),
('hq62c8r43nji5ogujn075869cn5c4rpa', '::1', 1719987093, 0x5f5f63695f6c6173745f726567656e65726174657c693a313731393938373039333b7265646972656374696f6e7c4e3b5f5f4143544956455f53455353494f4e5f444154417c733a3235363a226565333164373232356662383437653833316538636637353739666264616261346236663262643839333137363438303630613039363030353366336433623838663565353731363039306635353835393465346533393631613238376134646137336532333737393166356334653061306136386265346139303931353334657751684a59385233506b532b4348574f624d68644657484e61762b4873745a686b64624f447851315258303574636e6a6a435566426e496c494c3055434e4e464753364e446b37534d665257527072414554346a556872642b42426b524a712b4e7261764e59336b496d50715431646c4767696c5773424e464d52344c5930223b),
('aegou9b14scgpoucuk22jov9vvniff61', '::1', 1719990292, 0x5f5f63695f6c6173745f726567656e65726174657c693a313731393939303239323b7265646972656374696f6e7c4e3b5f5f4143544956455f53455353494f4e5f444154417c733a3235363a226565333164373232356662383437653833316538636637353739666264616261346236663262643839333137363438303630613039363030353366336433623838663565353731363039306635353835393465346533393631613238376134646137336532333737393166356334653061306136386265346139303931353334657751684a59385233506b532b4348574f624d68644657484e61762b4873745a686b64624f447851315258303574636e6a6a435566426e496c494c3055434e4e464753364e446b37534d665257527072414554346a556872642b42426b524a712b4e7261764e59336b496d50715431646c4767696c5773424e464d52344c5930223b),
('bohdk12uiapdpjtfo4jh5uu0bletvdu9', '::1', 1719990303, 0x5f5f63695f6c6173745f726567656e65726174657c693a313731393939303239323b7265646972656374696f6e7c4e3b5f5f4143544956455f53455353494f4e5f444154417c733a3235363a226565333164373232356662383437653833316538636637353739666264616261346236663262643839333137363438303630613039363030353366336433623838663565353731363039306635353835393465346533393631613238376134646137336532333737393166356334653061306136386265346139303931353334657751684a59385233506b532b4348574f624d68644657484e61762b4873745a686b64624f447851315258303574636e6a6a435566426e496c494c3055434e4e464753364e446b37534d665257527072414554346a556872642b42426b524a712b4e7261764e59336b496d50715431646c4767696c5773424e464d52344c5930223b),
('j8v8qdt0getadh0cfq074o5r16idbjcj', '::1', 1719993104, 0x5f5f63695f6c6173745f726567656e65726174657c693a313731393939333130343b7265646972656374696f6e7c4e3b5f5f4143544956455f53455353494f4e5f444154417c733a3235363a22363866306138343235363737363465393737323761616637373230623764643034376338303730663264333161323633376237363563356534366366333463356165623731343135643733363439656138366334643933336330613961643637393662343765646330316264306132356132633730393666353963646664363758305750335646326163697665765876324b3756557333635a344c69386c5775336b6544594f3730706566796b6b746c62465a753168494977533135384a6848314c5a58575867416b6b555465565350695a4b35314365456d53785a6748474e2f59425057646665734551455432745937466c4178304151484e31677a414278223b),
('sum9t10a3ckqevf0s0ioutpa8hq27pv0', '::1', 1719995488, 0x5f5f63695f6c6173745f726567656e65726174657c693a313731393939353438383b7265646972656374696f6e7c4e3b5f5f4143544956455f53455353494f4e5f444154417c733a3235363a22363866306138343235363737363465393737323761616637373230623764643034376338303730663264333161323633376237363563356534366366333463356165623731343135643733363439656138366334643933336330613961643637393662343765646330316264306132356132633730393666353963646664363758305750335646326163697665765876324b3756557333635a344c69386c5775336b6544594f3730706566796b6b746c62465a753168494977533135384a6848314c5a58575867416b6b555465565350695a4b35314365456d53785a6748474e2f59425057646665734551455432745937466c4178304151484e31677a414278223b),
('qkjqnsd9njl6jbjosnba77505cnirhso', '::1', 1719995488, 0x5f5f63695f6c6173745f726567656e65726174657c693a313731393939353438383b7265646972656374696f6e7c4e3b5f5f4143544956455f53455353494f4e5f444154417c733a3235363a22363866306138343235363737363465393737323761616637373230623764643034376338303730663264333161323633376237363563356534366366333463356165623731343135643733363439656138366334643933336330613961643637393662343765646330316264306132356132633730393666353963646664363758305750335646326163697665765876324b3756557333635a344c69386c5775336b6544594f3730706566796b6b746c62465a753168494977533135384a6848314c5a58575867416b6b555465565350695a4b35314365456d53785a6748474e2f59425057646665734551455432745937466c4178304151484e31677a414278223b),
('q951nmeaq03pei4j5tk3sl0tfhhfmrr3', '::1', 1720018424, 0x5f5f63695f6c6173745f726567656e65726174657c693a313732303031383432333b),
('2bmtpl0namomojoq8j45jsvufdr9594m', '::1', 1720059911, 0x5f5f63695f6c6173745f726567656e65726174657c693a313732303035393931313b7265646972656374696f6e7c4e3b5f5f4143544956455f53455353494f4e5f444154417c733a3235363a22633332343134363932353338303338333562366264653063663330663939353131373333343834336232376565363836353563623261643233353230396365386138633436353537366134613938386666393362326434636636383163393537373265613466653764343961616233316533313938643866633566613035323576744b37563547745078554d686d7632366d3770546f38415a3671422b497451417033447178716274576434706b314b65354279416763386636796e417362625570706a2b535462744652624f67656871784559354766714c79766a71466464566a796f5a7965576e5177356c71717a3342374b683157576564335279637a57223b),
('b2ne67kr2skpk7sns8ar688b6vur99q4', '::1', 1720064956, 0x5f5f63695f6c6173745f726567656e65726174657c693a313732303036343935363b7265646972656374696f6e7c4e3b5f5f4143544956455f53455353494f4e5f444154417c733a3235363a22633332343134363932353338303338333562366264653063663330663939353131373333343834336232376565363836353563623261643233353230396365386138633436353537366134613938386666393362326434636636383163393537373265613466653764343961616233316533313938643866633566613035323576744b37563547745078554d686d7632366d3770546f38415a3671422b497451417033447178716274576434706b314b65354279416763386636796e417362625570706a2b535462744652624f67656871784559354766714c79766a71466464566a796f5a7965576e5177356c71717a3342374b683157576564335279637a57223b),
('8i75kncqd9n5ovhvlouan4ik61ipa2at', '::1', 1720064956, 0x5f5f63695f6c6173745f726567656e65726174657c693a313732303036343935363b7265646972656374696f6e7c4e3b5f5f4143544956455f53455353494f4e5f444154417c733a3235363a22633332343134363932353338303338333562366264653063663330663939353131373333343834336232376565363836353563623261643233353230396365386138633436353537366134613938386666393362326434636636383163393537373265613466653764343961616233316533313938643866633566613035323576744b37563547745078554d686d7632366d3770546f38415a3671422b497451417033447178716274576434706b314b65354279416763386636796e417362625570706a2b535462744652624f67656871784559354766714c79766a71466464566a796f5a7965576e5177356c71717a3342374b683157576564335279637a57223b),
('9k22tcvccsvam79oeh103il9t0dpbp3f', '::1', 1720094156, 0x5f5f63695f6c6173745f726567656e65726174657c693a313732303039343135353b),
('cenb910ihr8q56sc16d7ek2mhdk4geeh', '::1', 1720451035, 0x5f5f63695f6c6173745f726567656e65726174657c693a313732303435303937363b),
('4i59avoa4ot45m86l8ideq5jf005md45', '::1', 1720948336, 0x5f5f63695f6c6173745f726567656e65726174657c693a313732303934383333343b),
('beb4lej06962b7ac4862ggmh72qcdbrm', '::1', 1721148860, 0x5f5f63695f6c6173745f726567656e65726174657c693a313732313134383636313b7265646972656374696f6e7c4e3b5f5f4143544956455f53455353494f4e5f444154417c733a3235363a2238633537636232383864623130353335616566646532333732303561393532313132656139613931346163656164626362633064643961323865613036623436313963333836343433313061396336333833396262376663383039653662323961663932323731376332623064383635666432346230373735373936393131396a3154513769327349376d724b6534414b4a706c6f6d33474e622f532b66353830324330624d59574b2b5a6b2b4a795848375a4666664b2b722f6d692f37583253473969692f465a413969683747512f384d306a4e4e48522b524c3674735579796e635a677a655032723430446f2b493544634e526d4634443767546e6d7a2b223b),
('kr9ba4t8af67srjo3clm6irpjk86feis', '::1', 1732687955, 0x5f5f63695f6c6173745f726567656e65726174657c693a313733323638373935353b7265646972656374696f6e7c4e3b5f5f4143544956455f53455353494f4e5f444154417c733a3235363a226661363166613433383132636638623030373663303335393433663536636565366230633364636335313765646465623037326462623235353266626637643237346538363161653465313033326430386563643466316266383734666531656633663532363966623432376366323839376263613363613230303031373038644e57653937636b755473484e382f646e346262374e724f59792b63796876366d6c4a50384b677574677a6d532f5144575739502b306151445339507a464c794235747a6e436d724650653266477a393067677a4e6837476e6f526a74315356474143566779457537655038774c774758494d70596a724b48626b6465544b49223b),
('4a6bulhmq560ggrl2sqnnmsvsvhf81rb', '::1', 1732688334, 0x5f5f63695f6c6173745f726567656e65726174657c693a313733323638383333343b7265646972656374696f6e7c4e3b5f5f4143544956455f53455353494f4e5f444154417c733a3235363a226661363166613433383132636638623030373663303335393433663536636565366230633364636335313765646465623037326462623235353266626637643237346538363161653465313033326430386563643466316266383734666531656633663532363966623432376366323839376263613363613230303031373038644e57653937636b755473484e382f646e346262374e724f59792b63796876366d6c4a50384b677574677a6d532f5144575739502b306151445339507a464c794235747a6e436d724650653266477a393067677a4e6837476e6f526a74315356474143566779457537655038774c774758494d70596a724b48626b6465544b49223b),
('gfi0hvunhh0t2k36cbtoc0uh52btl9m4', '::1', 1732688334, 0x5f5f63695f6c6173745f726567656e65726174657c693a313733323638383333343b7265646972656374696f6e7c4e3b5f5f4143544956455f53455353494f4e5f444154417c733a3235363a226661363166613433383132636638623030373663303335393433663536636565366230633364636335313765646465623037326462623235353266626637643237346538363161653465313033326430386563643466316266383734666531656633663532363966623432376366323839376263613363613230303031373038644e57653937636b755473484e382f646e346262374e724f59792b63796876366d6c4a50384b677574677a6d532f5144575739502b306151445339507a464c794235747a6e436d724650653266477a393067677a4e6837476e6f526a74315356474143566779457537655038774c774758494d70596a724b48626b6465544b49223b),
('ot7utknitbv86q49u7qjpp5ndcml5a2s', '::1', 1733219651, 0x5f5f63695f6c6173745f726567656e65726174657c693a313733333231393631353b7265646972656374696f6e7c4e3b5f5f4143544956455f53455353494f4e5f444154417c733a3235363a22656330376161383365633162383938386135373634343337363064653235323538333065373832623532336439623338613064656533383765353334313031666131313061323839623762333432373131663030646662343436363034323538396436323362373534353565656561646466656138386237333337613661343333764c706d674a724c765773436373517964474a70475a754446326d566f44433851566e4d3835346e3067437331455545756e516c62386e6f6375544a6c4a4867336b7238346a2f76696d57515674397876364d6735356a53467963667a71786b51504b734f433339712f686964544b3149686756646a79325a504866565854223b);

-- --------------------------------------------------------

--
-- Table structure for table `contacts`
--

CREATE TABLE `contacts` (
  `id` int(10) NOT NULL,
  `parent_id` int(10) DEFAULT NULL,
  `name` varchar(32) NOT NULL,
  `subject` varchar(128) DEFAULT NULL,
  `email` varchar(64) NOT NULL,
  `message` mediumtext NOT NULL,
  `contact_date` datetime DEFAULT NULL,
  `status` tinyint(1) DEFAULT 1,
  `reply_at` datetime DEFAULT NULL
) ENGINE=InnoDB DEFAULT CHARSET=utf8mb4;

--
-- Dumping data for table `contacts`
--

INSERT INTO `contacts` (`id`, `parent_id`, `name`, `subject`, `email`, `message`, `contact_date`, `status`, `reply_at`) VALUES
(3, NULL, 'Dhita Arsaid', 'halo', 'arsaidf2@gmail.com', 'admin', '2024-05-08 21:20:40', 2, NULL);

-- --------------------------------------------------------

--
-- Table structure for table `coupons`
--

CREATE TABLE `coupons` (
  `id` bigint(20) NOT NULL,
  `name` varchar(191) NOT NULL,
  `code` varchar(32) NOT NULL,
  `credit` decimal(8,2) NOT NULL,
  `start_date` date NOT NULL,
  `expired_date` date NOT NULL,
  `is_active` tinyint(4) DEFAULT 1
) ENGINE=InnoDB DEFAULT CHARSET=utf8mb4;

--
-- Dumping data for table `coupons`
--

INSERT INTO `coupons` (`id`, `name`, `code`, `credit`, `start_date`, `expired_date`, `is_active`) VALUES
(6, 'Mei Berkah', 'BERKAHSELALU', '10000.00', '2024-05-11', '2024-06-01', 1),
(7, 'GRATIS ONGKIR', 'ONGKIR', '15000.00', '2024-07-01', '2024-08-01', 1);

-- --------------------------------------------------------

--
-- Table structure for table `customers`
--

CREATE TABLE `customers` (
  `id` bigint(20) NOT NULL,
  `user_id` bigint(20) UNSIGNED DEFAULT NULL,
  `name` varchar(191) NOT NULL,
  `phone_number` varchar(32) DEFAULT NULL,
  `address` varchar(191) NOT NULL,
  `profile_picture` varchar(191) DEFAULT NULL
) ENGINE=InnoDB DEFAULT CHARSET=utf8mb4;

--
-- Dumping data for table `customers`
--

INSERT INTO `customers` (`id`, `user_id`, `name`, `phone_number`, `address`, `profile_picture`) VALUES
(9, 10, 'Dhita Arsaid', '6288216439361', 'gamong kaliwungu kudus', '202051205.jpg'),
(19, 21, 'pauli', '0876655588', 'kudus', NULL),
(20, 22, 'fabila dhita', '088216439362', 'KUDUS', NULL),
(22, 24, 'irfannuden', '6282223071751', 'demak', NULL),
(23, 26, 'paulw', '088215109388', 'kudos', NULL),
(24, 27, 'kusumowijoyo', '08895172467', 'kudos', NULL),
(25, 28, 'isnan', '082137222524', 'kudus', NULL),
(26, 29, 'rosyada', '085201893817', 'KUDUS', NULL),
(27, 30, 'farhana', '085756242871', 'kudus', NULL);

-- --------------------------------------------------------

--
-- Table structure for table `orders`
--

CREATE TABLE `orders` (
  `id` bigint(20) NOT NULL,
  `user_id` bigint(20) UNSIGNED DEFAULT NULL,
  `coupon_id` bigint(20) DEFAULT NULL,
  `order_number` varchar(16) NOT NULL,
  `order_status` enum('1','2','3','4','5') DEFAULT '1',
  `order_date` datetime NOT NULL,
  `total_price` decimal(10,2) DEFAULT NULL,
  `total_items` int(10) DEFAULT NULL,
  `payment_method` int(11) DEFAULT 1,
  `delivery_data` text DEFAULT NULL,
  `delivered_date` datetime DEFAULT NULL,
  `finish_date` datetime DEFAULT NULL,
  `provinsi` varchar(255) NOT NULL,
  `kabupaten` varchar(255) NOT NULL,
  `expedisi` varchar(255) DEFAULT NULL,
  `ongkir` int(11) DEFAULT NULL,
  `payment_link` varchar(255) DEFAULT NULL
) ENGINE=InnoDB DEFAULT CHARSET=utf8mb4;

--
-- Dumping data for table `orders`
--

INSERT INTO `orders` (`id`, `user_id`, `coupon_id`, `order_number`, `order_status`, `order_date`, `total_price`, `total_items`, `payment_method`, `delivery_data`, `delivered_date`, `finish_date`, `provinsi`, `kabupaten`, `expedisi`, `ongkir`, `payment_link`) VALUES
(167, 10, NULL, 'ROS30624110623', '4', '2024-05-30 13:15:48', '195000.00', 1, 1, '{\"customer\":{\"name\":\"Dhita Arsaid\",\"phone_number\":\"088216439361\",\"address\":\"gamong kaliwungu kudus\"},\"note\":\"\"}', NULL, NULL, '', '', NULL, 0, 'https://app.sandbox.midtrans.com/payment-links/85c75e97-8e04-47d7-a48b-628c414c9fc5'),
(179, 10, NULL, 'XZJ1724110781', '3', '2024-06-18 18:18:34', '115000.00', 1, 2, '{\"customer\":{\"name\":\"Dhita Arsaid\",\"phone_number\":\"088216439361\",\"address\":\"gamong kaliwungu kudus\"},\"note\":\"\"}', NULL, NULL, '', '', NULL, 0, ''),
(180, 10, NULL, 'MMC1724110190', '3', '2024-07-01 18:21:46', '215000.00', 1, 2, '{\"customer\":{\"name\":\"Dhita Arsaid\",\"phone_number\":\"088216439361\",\"address\":\"gamong kaliwungu kudus\"},\"note\":\"\"}', NULL, NULL, '', '', NULL, 0, ''),
(181, 10, NULL, 'FNN1724110206', '3', '2024-07-01 18:27:20', '215000.00', 1, 2, '{\"customer\":{\"name\":\"Dhita Arsaid\",\"phone_number\":\"088216439361\",\"address\":\"gamong kaliwungu kudus\"},\"note\":\"\"}', NULL, NULL, '', '', NULL, 0, ''),
(182, 10, NULL, 'TSO1724110179', '4', '2024-07-01 18:28:50', '215000.00', 1, 1, '{\"customer\":{\"name\":\"Dhita Arsaid\",\"phone_number\":\"088216439361\",\"address\":\"gamong kaliwungu kudus\"},\"note\":\"\"}', NULL, NULL, '', '', NULL, 0, 'https://app.sandbox.midtrans.com/payment-links/d808caf6-adc1-45c4-8404-7dd7810371c8'),
(183, 10, NULL, 'RFP1724110457', '4', '2024-07-01 18:36:29', '0.00', 1, 2, '{\"customer\":{\"name\":\"Dhita Arsaid\",\"phone_number\":\"088216439361\",\"address\":\"gamong kaliwungu kudus\"},\"note\":\"\"}', NULL, NULL, '', '', NULL, 0, ''),
(185, 10, NULL, 'YHW2724110689', '2', '2024-07-02 10:43:51', '65000.00', 1, 1, '{\"customer\":{\"name\":\"Dhita Arsaid\",\"phone_number\":\"088216439361\",\"address\":\"gamong kaliwungu kudus\"},\"note\":\"\"}', NULL, NULL, '', '', NULL, 0, 'https://app.sandbox.midtrans.com/payment-links/32d423eb-a04a-482e-ab5c-261d6d82f673'),
(186, 24, NULL, 'YMM2724124597', '1', '2024-07-04 15:50:31', '25000.00', 1, 1, '{\"customer\":{\"name\":\"irfannuden\",\"phone_number\":\"082223071751\",\"address\":\"demak\"},\"note\":\"\"}', NULL, NULL, '', '', NULL, 0, 'https://app.sandbox.midtrans.com/payment-links/b16476c9-f878-430b-bf91-a98963674669'),
(187, 26, NULL, 'MCI2724126629', '1', '2024-07-04 22:23:14', '68000.00', 1, 1, '{\"customer\":{\"name\":\"paulw\",\"phone_number\":\"628821510938\",\"address\":\"kudos\"},\"note\":\"\"}', NULL, NULL, '', '', NULL, 0, 'https://app.sandbox.midtrans.com/payment-links/f6a7601b-24e6-4e01-b220-12184480da4a'),
(188, 27, NULL, 'MBX3724127751', '1', '2024-07-04 09:46:07', '485000.00', 1, 1, '{\"customer\":{\"name\":\"kusumowijoyo\",\"phone_number\":\"08895172467\",\"address\":\"kudos\"},\"note\":\"\"}', NULL, NULL, '', '', NULL, 0, 'https://app.sandbox.midtrans.com/payment-links/c43a64ca-e936-4998-aeff-cb98f5b58e8c'),
(189, 28, NULL, 'YZA3724128425', '1', '2024-07-04 09:49:30', '250000.00', 1, 1, '{\"customer\":{\"name\":\"isnan\",\"phone_number\":\"082137222524\",\"address\":\"kudus\"},\"note\":\"\"}', NULL, NULL, '', '', NULL, 0, 'https://app.sandbox.midtrans.com/payment-links/0e18ebf9-eb56-4e9c-b761-5cd12e2ccd85'),
(190, 29, NULL, 'KLX3724129571', '1', '2024-07-04 09:53:46', '300000.00', 1, 1, '{\"customer\":{\"name\":\"rosyada\",\"phone_number\":\"085201893817\",\"address\":\"KUDUS\"},\"note\":\"\"}', NULL, NULL, '', '', NULL, 0, 'https://app.sandbox.midtrans.com/payment-links/3b389afb-7a9e-4b21-bc26-2303a71e4641'),
(191, 30, NULL, 'KJE3724130952', '1', '2024-07-04 09:55:54', '105000.00', 1, 1, '{\"customer\":{\"name\":\"farhana\",\"phone_number\":\"085756242871\",\"address\":\"kudus\"},\"note\":\"\"}', NULL, NULL, '', '', NULL, 0, 'https://app.sandbox.midtrans.com/payment-links/c4845d12-fc93-43e7-92ae-1cd1a2693367'),
(192, 10, NULL, 'VCX16724110547', '4', '2024-07-16 23:51:39', '45000.00', 1, 1, '{\"customer\":{\"name\":\"Dhita Arsaid\",\"phone_number\":\"6288216439361\",\"address\":\"gamong kaliwungu kudus\"},\"note\":\"\"}', NULL, NULL, '', '', NULL, 0, 'https://app.sandbox.midtrans.com/payment-links/269cd3b1-bed8-4c9e-b7ca-caf98cae4cd1');

-- --------------------------------------------------------

--
-- Table structure for table `order_items`
--

CREATE TABLE `order_items` (
  `id` bigint(20) NOT NULL,
  `order_id` bigint(20) DEFAULT NULL,
  `product_id` bigint(20) DEFAULT NULL,
  `order_qty` int(10) NOT NULL,
  `order_price` decimal(8,2) DEFAULT NULL
) ENGINE=InnoDB DEFAULT CHARSET=utf8mb4;

--
-- Dumping data for table `order_items`
--

INSERT INTO `order_items` (`id`, `order_id`, `product_id`, `order_qty`, `order_price`) VALUES
(195, 167, 21, 10, '18000.00'),
(207, 179, 21, 10, '10000.00'),
(208, 180, 21, 10, '20000.00'),
(209, 181, 21, 10, '20000.00'),
(210, 182, 21, 10, '20000.00'),
(211, 183, 21, 10, '20000.00'),
(213, 185, 21, 5, '10000.00'),
(214, 186, 21, 1, '10000.00'),
(215, 187, 22, 1, '53000.00'),
(216, 188, 23, 10, '47000.00'),
(217, 189, 27, 5, '47000.00'),
(218, 190, 30, 5, '57000.00'),
(219, 191, 29, 5, '18000.00'),
(220, 192, 21, 3, '10000.00');

-- --------------------------------------------------------

--
-- Table structure for table `payments`
--

CREATE TABLE `payments` (
  `id` bigint(20) NOT NULL,
  `order_id` bigint(20) DEFAULT NULL,
  `payment_price` decimal(10,2) DEFAULT NULL,
  `payment_date` datetime NOT NULL,
  `picture_name` varchar(191) DEFAULT NULL,
  `payment_status` enum('1','2','3') DEFAULT '1',
  `confirmed_date` datetime DEFAULT NULL,
  `payment_data` text DEFAULT NULL
) ENGINE=InnoDB DEFAULT CHARSET=utf8mb4;

--
-- Dumping data for table `payments`
--

INSERT INTO `payments` (`id`, `order_id`, `payment_price`, `payment_date`, `picture_name`, `payment_status`, `confirmed_date`, `payment_data`) VALUES
(43, 167, '195000.00', '2024-06-30 13:18:40', 'Screenshot_2024-06-30_131726.png', '2', NULL, '{\"transfer_to\":\"midtrans-payment\",\"source\":{\"bank\":\"bca\",\"name\":\"dhita\",\"number\":\"123456789\"}}'),
(44, 182, '215000.00', '2024-07-01 18:31:52', 'Screenshot_2024-07-01_183037.png', '2', NULL, '{\"transfer_to\":\"midtrans-payment\",\"source\":{\"bank\":\"bca\",\"name\":\"dhita\",\"number\":\"123456789\"}}'),
(45, 185, '65000.00', '2024-07-02 10:44:26', 'WhatsApp_Image_2024-06-28_at_15_00_47_(2).jpeg', '1', NULL, '{\"transfer_to\":\"midtrans-payment\",\"source\":{\"bank\":\"bca\",\"name\":\"dhita\",\"number\":\"123456789\"}}'),
(46, 192, '45000.00', '2024-07-16 23:52:39', 'Screenshot_2024-06-03_1501082.png', '1', NULL, '{\"transfer_to\":\"midtrans-payment\",\"source\":{\"bank\":\"bca\",\"name\":\"said\",\"number\":\"55555555\"}}');

-- --------------------------------------------------------

--
-- Table structure for table `products`
--

CREATE TABLE `products` (
  `id` bigint(20) NOT NULL,
  `category_id` int(10) DEFAULT NULL,
  `sku` varchar(32) DEFAULT NULL,
  `name` varchar(191) NOT NULL,
  `description` varchar(191) DEFAULT NULL,
  `picture_name` varchar(191) DEFAULT NULL,
  `price` decimal(8,2) NOT NULL,
  `current_discount` decimal(8,2) DEFAULT 0.00,
  `stock` int(10) NOT NULL,
  `product_unit` varchar(32) DEFAULT NULL,
  `is_available` tinyint(1) DEFAULT 1,
  `add_date` datetime DEFAULT NULL
) ENGINE=InnoDB DEFAULT CHARSET=utf8mb4;

--
-- Dumping data for table `products`
--

INSERT INTO `products` (`id`, `category_id`, `sku`, `name`, `description`, `picture_name`, `price`, `current_discount`, `stock`, `product_unit`, `is_available`, `add_date`) VALUES
(21, 13, 'LMGAMG1300393', 'Le Minerale Galon', 'Le Minerale Galon 18 liter ', '9aS030092334-1.jpg', '20000.00', '10000.00', 97, 'Stok', 1, '2024-02-06 19:09:53'),
(22, 14, 'LM1MAMB1100102', 'Le minerale 1500 ml 1 box 12 pcs', 'Le minerale 1500 ml 1 box 12 pcs.', 'le-minerale-1500ml.jpg', '53000.00', '0.00', 50, 'stok', 1, '2024-02-23 14:25:02'),
(23, 14, 'LM6MAMB150260', 'Le minerale 600 ml 1 box 24 pcs', 'Le minerale 600 ml 1 box 24 pcs.  ', '2e2429bef4c4240881e38b7e9ecd86.jpg', '47000.00', '0.00', 50, 'stok', 1, '2024-02-23 14:27:40'),
(24, 14, 'LM3MAMB1100525', 'Le minerale 330 ml 1 box 24 pcs', 'Le minerale 330 ml 1 box 24 pcs.', 'le_minerale_330_ml.jpg', '37000.00', '0.00', 50, 'stok', 1, '2024-02-26 09:45:25'),
(25, 14, 'A2MAMB1100601', 'Aqua gelas 220 ml 1 box 48 pcs', 'Aqua gelas 220 ml 1 box 48 pcs. ', 'AQUA_AIR_MINERAL_GELAS_240_ML_1_DUS_ISI_48.jpg', '33000.00', '0.00', 50, 'stok', 1, '2024-02-26 09:46:41'),
(26, 14, 'A3MAMB1100627', 'Aqua 330 ml 1 box 24 pcs', 'Aqua 330 ml 1 box 24 pcs. ', 'Air_Mineral_AQUA_330_ml_-_DUS.jpg', '38000.00', '0.00', 30, 'stok', 1, '2024-02-26 09:47:07'),
(27, 14, 'A6MAMB1100670', 'Aqua 600 ml 1 box 24 pcs', 'Aqua 600 ml 1 box 24 pcs.', 'Aqua_600ml.jpg', '47000.00', '0.00', 30, 'stok', 1, '2024-02-26 09:47:50'),
(28, 14, 'A1MAMB1100705', 'Aqua 1500 ml 1 box 12 pcs', 'Aqua 1500 ml 1 box 12 pcs.', '656d773e-cc08-4b7c-8652-01e0922aa3eb.jpg', '53000.00', '0.00', 20, 'stok', 1, '2024-02-26 09:48:25'),
(29, 13, 'AGAMG1100741', 'Aqua galon 19 Liter', 'Aqua galon 19 Liter. ', '4b2abc3c-197b-4338-81da-a28c2a8e3a23.jpg', '18000.00', '0.00', 15, 'stok', 1, '2024-02-26 09:49:01'),
(30, 15, 'TP2MMR1100853', 'Teh Pucuk 250 ml 1 box 24 pcs', 'Teh Pucuk 250 ml 1 box 24 pcs.', '0f3e5d5f-0cad-4882-97fa-4dfb7b85c153-removebg-preview.png', '57000.00', '0.00', 25, 'stok', 1, '2024-02-26 09:50:53'),
(31, 15, 'TP3MMR1100965', 'Teh Pucuk 350 ml 1 box 24 pcs', 'Teh Pucuk 350 ml 1 box 24 pcs.', '288970_2d868d29-d1d3-4233-8f3c-8408a6cad6fd_2565fe00-2.jpeg', '60000.00', '0.00', 25, 'stok', 1, '2024-02-26 09:52:45'),
(33, 14, 'V2MAMB1100063', 'Vit gelas 240 ml 1 box 24 pcs', 'Vit gelas 240 ml 1 box 24 pcs.', 'b1213692-5d4a-440d-b7ad-3b885be6dc94.jpg', '27500.00', '0.00', 0, 'stok', 1, '2024-02-26 09:54:23'),
(34, 14, 'V6MAMB1150114', 'Vit 600 ml 1 box 24 pcs', 'Vit 600 ml 1 box 24 pcs. ', '9a1dcd6d-edd5-4f1a-8282-6557fbbcb944.jpg', '45000.00', '0.00', 0, 'stok', 1, '2024-02-26 09:55:14'),
(35, 14, 'V1MAMB1200156', 'Vit 1500 ml 1 box 12 pcs', 'Vit 1500 ml 1 box 12 pcs. ', '3116997_e7b3cbdc-af31-462f-992c-88af23e28d03_541_541.jpg', '46500.00', '0.00', 0, 'stok', 1, '2024-02-26 09:55:56'),
(37, 15, 'TKMR1250214', 'Susu Steril Tujuh Kurma 200 ml 1 box 12 pcs', 'Susu Steril Tujuh Kurma 200 ml 1 box 12 pcs.', 'd7cb7b67-c792-4bed-9330-9070fb4baa35-removebg-preview.png', '102000.00', '0.00', 13, 'stok', 1, '2024-02-26 09:56:54'),
(38, 15, 'CTMR1250243', 'Cool Time coconut water 350ml 1 box 12 pcs', 'Cool Time coconut water 350ml 1 box 12 pcs.', '40608afe6ffec6c7ee419ca42eb54c96-removebg-preview.png', '48000.00', '0.00', 15, 'stok', 1, '2024-02-26 09:57:23');

-- --------------------------------------------------------

--
-- Table structure for table `product_category`
--

CREATE TABLE `product_category` (
  `id` int(10) NOT NULL,
  `name` varchar(191) NOT NULL
) ENGINE=InnoDB DEFAULT CHARSET=utf8mb4;

--
-- Dumping data for table `product_category`
--

INSERT INTO `product_category` (`id`, `name`) VALUES
(13, 'Air Mineral Galon'),
(14, 'Air Mineral Botol'),
(15, 'Minuman Ringan');

-- --------------------------------------------------------

--
-- Table structure for table `reviews`
--

CREATE TABLE `reviews` (
  `id` bigint(20) NOT NULL,
  `user_id` bigint(20) UNSIGNED DEFAULT NULL,
  `order_id` bigint(20) DEFAULT NULL,
  `title` varchar(191) DEFAULT NULL,
  `review_text` mediumtext NOT NULL,
  `review_date` datetime NOT NULL,
  `status` tinyint(1) NOT NULL DEFAULT 1
) ENGINE=InnoDB DEFAULT CHARSET=utf8mb4;

-- --------------------------------------------------------

--
-- Table structure for table `settings`
--

CREATE TABLE `settings` (
  `id` int(10) NOT NULL,
  `key` varchar(32) NOT NULL,
  `content` text NOT NULL
) ENGINE=InnoDB DEFAULT CHARSET=utf8mb4;

--
-- Dumping data for table `settings`
--

INSERT INTO `settings` (`id`, `key`, `content`) VALUES
(1, 'current_theme_name', 'vegefoods'),
(2, 'store_name', 'Toko Berkah Abadi'),
(3, 'store_phone_number', '08216439361'),
(4, 'store_email', ' tokoberkah@gmail.com'),
(5, 'store_tagline', 'Mudah Aman Terpecaya'),
(6, 'store_logo', 'Logo.png'),
(7, 'max_product_image_size', '20000'),
(8, 'store_description', 'Toko Berkah Abadi adalah agen grosir yang melayani penjualan minuman dalam kemasan untuk sementara ini kami hanya melayani pembelian dan pengantaran ke toko anda sekitar area kota Kudus karena keterbatasan transportasi'),
(9, 'store_address', 'Terban, Jekulo, Kudus Regency, Central Java'),
(10, 'min_shop_to_free_shipping_cost', '1000000'),
(11, 'shipping_cost', '15000'),
(12, 'payment_banks', '{\"midtrans-payment\":{\"bank\":\"Midtrans Payment\",\"number\":\"Midtrans Payment\",\"name\":\"Toko Berkah Abadi\"}}');

-- --------------------------------------------------------

--
-- Table structure for table `users`
--

CREATE TABLE `users` (
  `id` bigint(20) UNSIGNED NOT NULL,
  `name` varchar(50) COLLATE utf8mb4_unicode_ci DEFAULT NULL,
  `email` varchar(191) COLLATE utf8mb4_unicode_ci NOT NULL,
  `email_verified_at` timestamp NULL DEFAULT NULL,
  `username` varchar(16) COLLATE utf8mb4_unicode_ci NOT NULL,
  `password` varchar(191) COLLATE utf8mb4_unicode_ci NOT NULL,
  `profile_picture` varchar(128) COLLATE utf8mb4_unicode_ci DEFAULT NULL,
  `role` varchar(32) COLLATE utf8mb4_unicode_ci DEFAULT '0' COMMENT '1 = admin, 2 = customer',
  `register_date` datetime DEFAULT NULL
) ENGINE=InnoDB DEFAULT CHARSET=utf8mb4 COLLATE=utf8mb4_unicode_ci;

--
-- Dumping data for table `users`
--

INSERT INTO `users` (`id`, `name`, `email`, `email_verified_at`, `username`, `password`, `profile_picture`, `role`, `register_date`) VALUES
(1, 'Admin Toko Berkah abadi', 'adminberkah@gmail.com', NULL, 'admin', '$2y$10$mS6wor0nJZh8I4FMxpie3eKWa.ty.XD5L/Dk8Xm72Bny1rYalrD6S', 'agung1.png', 'admin', NULL),
(10, NULL, 'arsaidf2@gmail.com', NULL, 'Dhita ', '$2y$10$4fpKfJThxatXWH7oqjW8yuwk3dAKBdokdxTxMGdaHO7QI8JBl5MpW', NULL, 'customer', '2024-01-31 16:43:58'),
(21, NULL, 'paul@gmail.com', NULL, 'paul', '$2y$10$wvHJ1HPwgQ0XsL5Q3X3cluyffQOCfnlw6KUZnFRqtd7/.H6Ol.GQC', NULL, 'customer', '2024-06-24 21:22:07'),
(22, NULL, 'said1@gmail.com', NULL, 'fabila', '$2y$10$5xBEKZHm.IvUybY.W3vWv.2T2bKigXZ/Rdl.kaCxVN1iB1KDZXXaC', NULL, 'customer', '2024-07-01 17:58:11'),
(23, NULL, 'arief@gmail.com', NULL, 'panjul', '$2y$10$FVpYL9yMuX6n/NpknaeyQOEwJ6Rjp4pyeEkJHTZAKrX1SlzB0dMk6', NULL, 'customer', '2024-07-02 10:20:30'),
(24, NULL, 'musairdev@gmail.com', NULL, 'irfan', '$2y$10$1OPwYXDatvaL.wm17zafdOcvs77.H9YPx/up4WCtgAMOW3VLYLG4e', NULL, 'customer', '2024-07-02 15:49:53'),
(26, NULL, 'paulw@gmail.com', NULL, 'paull', '$2y$10$BN2scmsexo72dkV1X42NB.3AhmiRKx0CuJCdIbMLiDUizmyhcRk9K', NULL, 'customer', '2024-07-02 22:22:44'),
(27, NULL, 'kusum@gmail.com', NULL, 'kusumo', '$2y$10$tXmxnFOHsKNYdStdcRjMg.Xng2N4T8ouQNUJj/mOXwh56XBlx.yJO', NULL, 'customer', '2024-07-03 09:44:43'),
(28, NULL, 'isnan@gmail.com', NULL, 'ripin', '$2y$10$snwN4omd0ejC55sTtWtODODnG8Iyv5kqynFpISe2ACp5zpasQiw46', NULL, 'customer', '2024-07-03 09:48:59'),
(29, NULL, 'rosyada@gmail.com', NULL, 'rosyada', '$2y$10$392z6qxlD.jSc0GqM4fLzeiCxqt1QEr5uC9XF3coZ2gpnmdLfHJfO', NULL, 'customer', '2024-07-03 09:52:38'),
(30, NULL, 'farhana@gmail.com', NULL, 'farhan', '$2y$10$GzN5sp1J3iUDNL6Qnm9aQ.nZJmzYKS9Cv.bLnaNwkuwWwOVHpXlMi', NULL, 'customer', '2024-07-03 09:55:21');

--
-- Indexes for dumped tables
--

--
-- Indexes for table `ci_sessions`
--
ALTER TABLE `ci_sessions`
  ADD KEY `ci_sessions_timestamp` (`timestamp`);

--
-- Indexes for table `contacts`
--
ALTER TABLE `contacts`
  ADD PRIMARY KEY (`id`),
  ADD KEY `FK_contacts_contacts` (`parent_id`),
  ADD KEY `name` (`name`);

--
-- Indexes for table `coupons`
--
ALTER TABLE `coupons`
  ADD PRIMARY KEY (`id`);

--
-- Indexes for table `customers`
--
ALTER TABLE `customers`
  ADD PRIMARY KEY (`id`),
  ADD KEY `FK_customers_users` (`user_id`),
  ADD KEY `name` (`name`);

--
-- Indexes for table `orders`
--
ALTER TABLE `orders`
  ADD PRIMARY KEY (`id`),
  ADD KEY `FK_orders_users` (`user_id`),
  ADD KEY `FK_orders_coupons` (`coupon_id`),
  ADD KEY `order_status` (`order_status`),
  ADD KEY `payment_method` (`payment_method`),
  ADD KEY `payment_link` (`payment_link`),
  ADD KEY `order_number` (`order_number`);

--
-- Indexes for table `order_items`
--
ALTER TABLE `order_items`
  ADD PRIMARY KEY (`id`),
  ADD KEY `order_id` (`order_id`),
  ADD KEY `product_id` (`product_id`);

--
-- Indexes for table `payments`
--
ALTER TABLE `payments`
  ADD PRIMARY KEY (`id`),
  ADD KEY `order_id` (`order_id`),
  ADD KEY `payment_status` (`payment_status`),
  ADD KEY `confirmed_date` (`confirmed_date`),
  ADD KEY `payment_price` (`payment_price`);

--
-- Indexes for table `products`
--
ALTER TABLE `products`
  ADD PRIMARY KEY (`id`),
  ADD KEY `FK_products_product_category` (`category_id`);

--
-- Indexes for table `product_category`
--
ALTER TABLE `product_category`
  ADD PRIMARY KEY (`id`);

--
-- Indexes for table `reviews`
--
ALTER TABLE `reviews`
  ADD PRIMARY KEY (`id`),
  ADD KEY `FK_reviews_users` (`user_id`),
  ADD KEY `FK_reviews_orders` (`order_id`),
  ADD KEY `user_id` (`user_id`);

--
-- Indexes for table `settings`
--
ALTER TABLE `settings`
  ADD PRIMARY KEY (`id`) USING BTREE;

--
-- Indexes for table `users`
--
ALTER TABLE `users`
  ADD PRIMARY KEY (`id`) USING BTREE,
  ADD UNIQUE KEY `users_email_unique` (`email`) USING BTREE,
  ADD KEY `name` (`name`),
  ADD KEY `id` (`id`);

--
-- AUTO_INCREMENT for dumped tables
--

--
-- AUTO_INCREMENT for table `contacts`
--
ALTER TABLE `contacts`
  MODIFY `id` int(10) NOT NULL AUTO_INCREMENT, AUTO_INCREMENT=4;

--
-- AUTO_INCREMENT for table `coupons`
--
ALTER TABLE `coupons`
  MODIFY `id` bigint(20) NOT NULL AUTO_INCREMENT, AUTO_INCREMENT=10;

--
-- AUTO_INCREMENT for table `customers`
--
ALTER TABLE `customers`
  MODIFY `id` bigint(20) NOT NULL AUTO_INCREMENT, AUTO_INCREMENT=28;

--
-- AUTO_INCREMENT for table `orders`
--
ALTER TABLE `orders`
  MODIFY `id` bigint(20) NOT NULL AUTO_INCREMENT, AUTO_INCREMENT=193;

--
-- AUTO_INCREMENT for table `order_items`
--
ALTER TABLE `order_items`
  MODIFY `id` bigint(20) NOT NULL AUTO_INCREMENT, AUTO_INCREMENT=221;

--
-- AUTO_INCREMENT for table `payments`
--
ALTER TABLE `payments`
  MODIFY `id` bigint(20) NOT NULL AUTO_INCREMENT, AUTO_INCREMENT=47;

--
-- AUTO_INCREMENT for table `products`
--
ALTER TABLE `products`
  MODIFY `id` bigint(20) NOT NULL AUTO_INCREMENT, AUTO_INCREMENT=41;

--
-- AUTO_INCREMENT for table `product_category`
--
ALTER TABLE `product_category`
  MODIFY `id` int(10) NOT NULL AUTO_INCREMENT, AUTO_INCREMENT=16;

--
-- AUTO_INCREMENT for table `reviews`
--
ALTER TABLE `reviews`
  MODIFY `id` bigint(20) NOT NULL AUTO_INCREMENT, AUTO_INCREMENT=17;

--
-- AUTO_INCREMENT for table `settings`
--
ALTER TABLE `settings`
  MODIFY `id` int(10) NOT NULL AUTO_INCREMENT, AUTO_INCREMENT=13;

--
-- AUTO_INCREMENT for table `users`
--
ALTER TABLE `users`
  MODIFY `id` bigint(20) UNSIGNED NOT NULL AUTO_INCREMENT, AUTO_INCREMENT=31;

--
-- Constraints for dumped tables
--

--
-- Constraints for table `contacts`
--
ALTER TABLE `contacts`
  ADD CONSTRAINT `contacts_ibfk_1` FOREIGN KEY (`name`) REFERENCES `customers` (`name`) ON DELETE NO ACTION ON UPDATE NO ACTION;

--
-- Constraints for table `orders`
--
ALTER TABLE `orders`
  ADD CONSTRAINT `FK_orders_coupons` FOREIGN KEY (`coupon_id`) REFERENCES `coupons` (`id`) ON DELETE SET NULL ON UPDATE CASCADE,
  ADD CONSTRAINT `FK_orders_users` FOREIGN KEY (`user_id`) REFERENCES `users` (`id`) ON DELETE NO ACTION ON UPDATE CASCADE;

--
-- Constraints for table `order_items`
--
ALTER TABLE `order_items`
  ADD CONSTRAINT `order_items_ibfk_1` FOREIGN KEY (`order_id`) REFERENCES `orders` (`id`) ON DELETE CASCADE ON UPDATE NO ACTION,
  ADD CONSTRAINT `order_items_ibfk_2` FOREIGN KEY (`product_id`) REFERENCES `products` (`id`) ON DELETE CASCADE ON UPDATE NO ACTION;

--
-- Constraints for table `product_category`
--
ALTER TABLE `product_category`
  ADD CONSTRAINT `product_category_ibfk_1` FOREIGN KEY (`id`) REFERENCES `products` (`category_id`) ON DELETE NO ACTION ON UPDATE NO ACTION;

--
-- Constraints for table `reviews`
--
ALTER TABLE `reviews`
  ADD CONSTRAINT `reviews_ibfk_1` FOREIGN KEY (`user_id`) REFERENCES `customers` (`user_id`) ON DELETE NO ACTION ON UPDATE NO ACTION;
COMMIT;

/*!40101 SET CHARACTER_SET_CLIENT=@OLD_CHARACTER_SET_CLIENT */;
/*!40101 SET CHARACTER_SET_RESULTS=@OLD_CHARACTER_SET_RESULTS */;
/*!40101 SET COLLATION_CONNECTION=@OLD_COLLATION_CONNECTION */;
